#
# A fatal error has been detected by the Java Runtime Environment:
#
#  SIGSEGV (0xb) at pc=0x00007f76f3a71c90, pid=14993, tid=15128
#
# JRE version: OpenJDK Runtime Environment Temurin-11.0.16.1+1 (11.0.16.1+1) (build 11.0.16.1+1)
# Java VM: OpenJDK 64-Bit Server VM Temurin-11.0.16.1+1 (11.0.16.1+1, mixed mode, tiered, compressed oops, g1 gc, linux-amd64)
# Problematic frame:
# C  [libLLVM-10.so.1+0x8bbc90]
#
# Core dump will be written. Default location: Core dumps may be processed with "/usr/share/apport/apport -p%p -s%s -c%c -d%d -P%P -u%u -g%g -- %E" (or dumping to /home/zjnyly/repos/TeraFly/core.14993)
#
# If you would like to submit a bug report, please visit:
#   https://github.com/adoptium/adoptium-support/issues
# The crash happened outside the Java Virtual Machine in native code.
# See problematic frame for where to report the bug.
#

---------------  S U M M A R Y ------------

Command Line: -Xms512m -Xmx4096m -XX:+HeapDumpOnOutOfMemoryError --add-modules=ALL-SYSTEM /tools/Xilinx/Vitis_HLS/2023.2/lnx64/tools/eclipse/plugins/org.eclipse.equinox.launcher_1.5.700.v20200207-2156.jar -showlocation -vm /tools/Xilinx/Vitis_HLS/2023.2/tps/lnx64/jre11.0.16_1/bin/java -clean -configuration /home/zjnyly/.Xilinx/vitis_hls/2023.2/workspace2 -data /home/zjnyly/.Xilinx/vitis_hls/2023.2/workspace2 -perspective com.autoesl.autopilot.ui.platform.perspective -application com.autoesl.autopilot.ui.platform.application -showsplash /tools/Xilinx/Vitis_HLS/2023.2/common/icons/splash_dark.bmp

Host: 12th Gen Intel(R) Core(TM) i9-12900K, 24 cores, 125G, Ubuntu 18.04.6 LTS
Time: Tue Apr 15 09:26:09 2025 CST elapsed time: 1.564103 seconds (0d 0h 0m 1s)

---------------  T H R E A D  ---------------

Current thread (0x00007f7774b45800):  JavaThread "Worker-1: Initialize the SWIG data" [_thread_in_native, id=15128, stack(0x00007f7658245000,0x00007f7658346000)]

Stack: [0x00007f7658245000,0x00007f7658346000],  sp=0x00007f76583432e0,  free space=1016k
Native frames: (J=compiled Java code, A=aot compiled Java code, j=interpreted, Vv=VM code, C=native code)
C  [libLLVM-10.so.1+0x8bbc90]

Java frames: (J=compiled Java code, j=interpreted, Vv=VM code)
j  java.lang.ClassLoader$NativeLibrary.load0(Ljava/lang/String;ZZ)Z+0 java.base@11.0.16.1
j  java.lang.ClassLoader$NativeLibrary.load()Z+56 java.base@11.0.16.1
j  java.lang.ClassLoader$NativeLibrary.loadLibrary(Ljava/lang/Class;Ljava/lang/String;Z)Z+216 java.base@11.0.16.1
j  java.lang.ClassLoader.loadLibrary0(Ljava/lang/Class;Ljava/io/File;)Z+46 java.base@11.0.16.1
j  java.lang.ClassLoader.loadLibrary(Ljava/lang/Class;Ljava/lang/String;Z)V+334 java.base@11.0.16.1
j  java.lang.Runtime.loadLibrary0(Ljava/lang/Class;Ljava/lang/String;)V+54 java.base@11.0.16.1
j  java.lang.System.loadLibrary(Ljava/lang/String;)V+7 java.base@11.0.16.1
j  com.autoesl.autopilot.ui.common.utils.SwigUtil.loadLib()V+17
j  com.autoesl.autopilot.ui.platform.util.AutoPilotTemplateUtil$1.run(Lorg/eclipse/core/runtime/IProgressMonitor;)Lorg/eclipse/core/runtime/IStatus;+0
j  org.eclipse.core.internal.jobs.Worker.run()V+33
v  ~StubRoutines::call_stub

siginfo: si_signo: 11 (SIGSEGV), si_code: 2 (SEGV_ACCERR), si_addr: 0x00007f76f8aad000

Register to memory mapping:

RAX=0x00007f77745de5b0 points into unknown readable memory: 0x0000000000000000 | 00 00 00 00 00 00 00 00
RBX=0x00007f76f8aad000: <offset 0x0000000001205000> in /usr/lib/x86_64-linux-gnu/dri/swrast_dri.so at 0x00007f76f78a8000
RCX=0x0 is NULL
RDX=0x0 is NULL
RSP=0x00007f76583432e0 is pointing into the stack for thread: 0x00007f7774b45800
RBP=0x00007f76f71e7628: _ZTVN4llvm2cl6parserIiEE+0x0000000000000010 in /usr/lib/x86_64-linux-gnu/libLLVM-10.so.1 at 0x00007f76f31b6000
RSI=0x00007f75625fd720: <offset 0x000000000143a720> in /tools/Xilinx/Vitis_HLS/2023.2/lib/lnx64.o/libxv_hls_llvm3.1.so at 0x00007f75611c3000
RDI=0x00007f77745e9e90 points into unknown readable memory: 0x00007f77745e9ea0 | a0 9e 5e 74 77 7f 00 00
R8 =0x00007f75740f8ce0 points into unknown readable memory: 0x00007f75740efed0 | d0 fe 0e 74 75 7f 00 00
R9 =0x0 is NULL
R10=0xfffffffffffff07a is an unknown value
R11=0x00007f76f3a706f0: _ZN4llvm2cl6Option11addArgumentEv+0x0000000000000000 in /usr/lib/x86_64-linux-gnu/libLLVM-10.so.1 at 0x00007f76f31b6000
R12=0x00007f78f71e7a80 is an unknown value
R13=0x00007f75729c3dd0: _ZTVN4llvm2cl11OptionValueIiEE+0x0000000000000010 in /tools/Xilinx/Vitis_HLS/2023.2/lib/lnx64.o/libxv_hls_hwsyn.so at 0x00007f75712cb000
R14=0x00007f77745e9e90 points into unknown readable memory: 0x00007f77745e9ea0 | a0 9e 5e 74 77 7f 00 00
R15=0x00007f75625fd720: <offset 0x000000000143a720> in /tools/Xilinx/Vitis_HLS/2023.2/lib/lnx64.o/libxv_hls_llvm3.1.so at 0x00007f75611c3000


Registers:
RAX=0x00007f77745de5b0, RBX=0x00007f76f8aad000, RCX=0x0000000000000000, RDX=0x0000000000000000
RSP=0x00007f76583432e0, RBP=0x00007f76f71e7628, RSI=0x00007f75625fd720, RDI=0x00007f77745e9e90
R8 =0x00007f75740f8ce0, R9 =0x0000000000000000, R10=0xfffffffffffff07a, R11=0x00007f76f3a706f0
R12=0x00007f78f71e7a80, R13=0x00007f75729c3dd0, R14=0x00007f77745e9e90, R15=0x00007f75625fd720
RIP=0x00007f76f3a71c90, EFLAGS=0x0000000000010283, CSGSFS=0x002b000000000033, ERR=0x0000000000000004
  TRAPNO=0x000000000000000e

Top of Stack: (sp=0x00007f76583432e0)
0x00007f76583432e0:   00007f77745e9e90 00007f75625fd720
0x00007f76583432f0:   00007f76f71e7a80 00007f75620d3692
0x00007f7658343300:   0000000000000000 00007f76f3a7072b
0x00007f7658343310:   00007f75625fd720 00007f75614b2dca 

Instructions: (pc=0x00007f76f3a71c90)
0x00007f76f3a71b90:   48 85 ff 74 05 e8 56 27 f1 ff 4d 89 7d 30 49 89
0x00007f76f3a71ba0:   5d 38 49 8d 45 40 4d 01 f7 4c 89 38 48 83 c4 18
0x00007f76f3a71bb0:   5b 41 5c 41 5d 41 5e 41 5f 5d c3 0f 1f 44 00 00
0x00007f76f3a71bc0:   41 57 41 56 41 54 53 50 49 89 f7 49 89 fe 85 d2
0x00007f76f3a71bd0:   75 0b 41 f6 47 0b 20 0f 85 cb 00 00 00 41 8b 47
0x00007f76f3a71be0:   6c 41 3b 47 70 75 42 48 8b 1d 6a 3f c5 03 48 8b
0x00007f76f3a71bf0:   03 48 85 c0 75 1a 48 8b 3d 5b 3f c5 03 48 8d 35
0x00007f76f3a71c00:   3c d9 00 00 48 8d 15 b5 d9 00 00 e8 70 2c 05 00
0x00007f76f3a71c10:   48 8b 13 4c 89 f7 4c 89 fe 48 83 c4 08 5b 41 5c
0x00007f76f3a71c20:   41 5e 41 5f e9 67 b6 00 00 49 8b 47 60 31 c9 49
0x00007f76f3a71c30:   3b 47 58 0f 94 c1 41 8b 4c 8f 68 48 89 c3 48 85
0x00007f76f3a71c40:   c9 74 1f 48 8d 14 cd 00 00 00 00 48 89 c3 66 90
0x00007f76f3a71c50:   48 83 3b fe 72 0c 48 83 c3 08 48 83 c2 f8 75 f0
0x00007f76f3a71c60:   eb 5f 4c 8d 24 c8 4c 39 e3 74 56 48 8b 13 4c 89
0x00007f76f3a71c70:   f7 4c 89 fe e8 17 b6 00 00 48 83 c3 08 4c 39 e3
0x00007f76f3a71c80:   74 3f 66 2e 0f 1f 84 00 00 00 00 00 0f 1f 40 00
0x00007f76f3a71c90:   48 83 3b fe 72 0b 48 83 c3 08 49 39 dc 75 f1 eb
0x00007f76f3a71ca0:   20 49 39 dc 75 c5 eb 19 41 8b 46 50 41 3b 46 54
0x00007f76f3a71cb0:   73 1b 49 8b 4e 48 89 c0 4c 89 3c c1 41 83 46 50
0x00007f76f3a71cc0:   01 48 83 c4 08 5b 41 5c 41 5e 41 5f c3 49 8d 7e
0x00007f76f3a71cd0:   48 48 8d 77 10 b9 08 00 00 00 31 d2 e8 ff e4 05
0x00007f76f3a71ce0:   00 41 8b 46 50 eb cb 66 0f 1f 84 00 00 00 00 00
0x00007f76f3a71cf0:   55 41 57 41 56 41 55 41 54 53 50 49 89 fc 48 8b
0x00007f76f3a71d00:   05 ab 09 de 03 48 85 c0 75 1a 48 8d 3d 9f 09 de
0x00007f76f3a71d10:   03 48 8d 35 c8 d9 00 00 48 8d 15 e1 da 00 00 e8
0x00007f76f3a71d20:   5c 2b 05 00 48 8b 35 85 09 de 03 41 8b 44 24 6c
0x00007f76f3a71d30:   41 3b 44 24 70 75 42 48 8b 1d 1a 3e c5 03 48 8b
0x00007f76f3a71d40:   03 48 85 c0 75 1a 48 8b 3d 0b 3e c5 03 48 8d 35
0x00007f76f3a71d50:   ec d7 00 00 48 8d 15 65 d8 00 00 e8 20 2b 05 00
0x00007f76f3a71d60:   48 8b 33 4c 89 e7 48 83 c4 08 5b 41 5c 41 5d 41
0x00007f76f3a71d70:   5e 41 5f 5d e9 57 b8 00 00 49 8b 4c 24 60 49 3b
0x00007f76f3a71d80:   4c 24 58 41 0f 45 44 24 68 48 89 cd 85 c0 74 26 


Stack slot to memory mapping:
stack at sp + 0 slots: 0x00007f77745e9e90 points into unknown readable memory: 0x00007f77745e9ea0 | a0 9e 5e 74 77 7f 00 00
stack at sp + 1 slots: 0x00007f75625fd720: <offset 0x000000000143a720> in /tools/Xilinx/Vitis_HLS/2023.2/lib/lnx64.o/libxv_hls_llvm3.1.so at 0x00007f75611c3000
stack at sp + 2 slots: 0x00007f76f71e7a80: _ZTVN4llvm2cl3optIiLb0ENS0_6parserIiEEEE+0x0000000000000010 in /usr/lib/x86_64-linux-gnu/libLLVM-10.so.1 at 0x00007f76f31b6000
stack at sp + 3 slots: 0x00007f75620d3692: <offset 0x0000000000f10692> in /tools/Xilinx/Vitis_HLS/2023.2/lib/lnx64.o/libxv_hls_llvm3.1.so at 0x00007f75611c3000
stack at sp + 4 slots: 0x0 is NULL
stack at sp + 5 slots: 0x00007f76f3a7072b: _ZN4llvm2cl6Option11addArgumentEv+0x000000000000003b in /usr/lib/x86_64-linux-gnu/libLLVM-10.so.1 at 0x00007f76f31b6000
stack at sp + 6 slots: 0x00007f75625fd720: <offset 0x000000000143a720> in /tools/Xilinx/Vitis_HLS/2023.2/lib/lnx64.o/libxv_hls_llvm3.1.so at 0x00007f75611c3000
stack at sp + 7 slots: 0x00007f75614b2dca: <offset 0x00000000002efdca> in /tools/Xilinx/Vitis_HLS/2023.2/lib/lnx64.o/libxv_hls_llvm3.1.so at 0x00007f75611c3000


---------------  P R O C E S S  ---------------

Threads class SMR info:
_java_thread_list=0x00007f7580087910, length=55, elements={
0x00007f7774029000, 0x00007f777438e000, 0x00007f7774392000, 0x00007f77743a7800,
0x00007f77743a9800, 0x00007f77743ab800, 0x00007f77743ad800, 0x00007f77743af800,
0x00007f7774455800, 0x00007f771805e800, 0x00007f77180cf000, 0x00007f77140ab800,
0x00007f7724123000, 0x00007f7724123800, 0x00007f7700074800, 0x00007f770403d800,
0x00007f7774ab1000, 0x00007f7648001800, 0x00007f7774ab3000, 0x00007f7774ab5000,
0x00007f7774ab6800, 0x00007f7774ab8800, 0x00007f7774acd000, 0x00007f7774ae1800,
0x00007f7774ae6000, 0x00007f7774b08800, 0x00007f75f8003800, 0x00007f75ec001000,
0x00007f75f8004800, 0x00007f75f8006800, 0x00007f75f8008800, 0x00007f75f800a000,
0x00007f75f800c000, 0x00007f75f800e000, 0x00007f75f8010000, 0x00007f75f8011800,
0x00007f7774eca000, 0x00007f770415a800, 0x00007f75f8017000, 0x00007f75f8018000,
0x00007f75f8039000, 0x00007f75bc001000, 0x00007f75c0001000, 0x00007f75f803b000,
0x00007f75c0003000, 0x00007f75b4001000, 0x00007f75f403c800, 0x00007f75f4068000,
0x00007f770026b800, 0x00007f7724a6d800, 0x00007f7774c53000, 0x00007f7774c4d800,
0x00007f7774b45800, 0x00007f7574039800, 0x00007f7580086000
}

Java Threads: ( => current thread )
  0x00007f7774029000 JavaThread "main" [_thread_in_native, id=14994, stack(0x00007f777a625000,0x00007f777a726000)]
  0x00007f777438e000 JavaThread "Reference Handler" daemon [_thread_blocked, id=15001, stack(0x00007f773f4fb000,0x00007f773f5fc000)]
  0x00007f7774392000 JavaThread "Finalizer" daemon [_thread_blocked, id=15002, stack(0x00007f773f3fa000,0x00007f773f4fb000)]
  0x00007f77743a7800 JavaThread "Signal Dispatcher" daemon [_thread_blocked, id=15003, stack(0x00007f773ed15000,0x00007f773ee16000)]
  0x00007f77743a9800 JavaThread "Service Thread" daemon [_thread_blocked, id=15004, stack(0x00007f773ec14000,0x00007f773ed15000)]
  0x00007f77743ab800 JavaThread "C2 CompilerThread0" daemon [_thread_blocked, id=15005, stack(0x00007f773eb13000,0x00007f773ec14000)]
  0x00007f77743ad800 JavaThread "C1 CompilerThread0" daemon [_thread_blocked, id=15006, stack(0x00007f773ea12000,0x00007f773eb13000)]
  0x00007f77743af800 JavaThread "Sweeper thread" daemon [_thread_blocked, id=15007, stack(0x00007f773e911000,0x00007f773ea12000)]
  0x00007f7774455800 JavaThread "Common-Cleaner" daemon [_thread_blocked, id=15008, stack(0x00007f773e810000,0x00007f773e911000)]
  0x00007f771805e800 JavaThread "C1 CompilerThread1" daemon [_thread_blocked, id=15009, stack(0x00007f773e70f000,0x00007f773e810000)]
  0x00007f77180cf000 JavaThread "C1 CompilerThread2" daemon [_thread_blocked, id=15012, stack(0x00007f773ddaf000,0x00007f773deb0000)]
  0x00007f77140ab800 JavaThread "C1 CompilerThread3" daemon [_thread_blocked, id=15013, stack(0x00007f773dcae000,0x00007f773ddaf000)]
  0x00007f7724123000 JavaThread "C2 CompilerThread1" daemon [_thread_blocked, id=15073, stack(0x00007f773e60e000,0x00007f773e70f000)]
  0x00007f7724123800 JavaThread "C2 CompilerThread2" daemon [_thread_in_native, id=15074, stack(0x00007f76b8609000,0x00007f76b870a000)]
  0x00007f7700074800 JavaThread "C2 CompilerThread3" daemon [_thread_blocked, id=15075, stack(0x00007f76b8508000,0x00007f76b8609000)]
  0x00007f770403d800 JavaThread "C2 CompilerThread4" daemon [_thread_blocked, id=15076, stack(0x00007f76b8407000,0x00007f76b8508000)]
  0x00007f7774ab1000 JavaThread "Equinox resolver thread - Equinox Container: e7492fef-bae8-4116-ba3c-ce1959311f14" daemon [_thread_blocked, id=15077, stack(0x00007f76b8106000,0x00007f76b8207000)]
  0x00007f7648001800 JavaThread "Equinox resolver thread - Equinox Container: e7492fef-bae8-4116-ba3c-ce1959311f14" daemon [_thread_blocked, id=15078, stack(0x00007f76b8005000,0x00007f76b8106000)]
  0x00007f7774ab3000 JavaThread "Equinox resolver thread - Equinox Container: e7492fef-bae8-4116-ba3c-ce1959311f14" daemon [_thread_blocked, id=15079, stack(0x00007f76a86f8000,0x00007f76a87f9000)]
  0x00007f7774ab5000 JavaThread "Equinox resolver thread - Equinox Container: e7492fef-bae8-4116-ba3c-ce1959311f14" daemon [_thread_blocked, id=15080, stack(0x00007f76a85f7000,0x00007f76a86f8000)]
  0x00007f7774ab6800 JavaThread "Equinox resolver thread - Equinox Container: e7492fef-bae8-4116-ba3c-ce1959311f14" daemon [_thread_blocked, id=15081, stack(0x00007f76a84f6000,0x00007f76a85f7000)]
  0x00007f7774ab8800 JavaThread "Equinox resolver thread - Equinox Container: e7492fef-bae8-4116-ba3c-ce1959311f14" daemon [_thread_blocked, id=15082, stack(0x00007f76a81f5000,0x00007f76a82f6000)]
  0x00007f7774acd000 JavaThread "Active Thread: Equinox Container: e7492fef-bae8-4116-ba3c-ce1959311f14" [_thread_blocked, id=15083, stack(0x00007f76a80f4000,0x00007f76a81f5000)]
  0x00007f7774ae1800 JavaThread "Framework Event Dispatcher: Equinox Container: e7492fef-bae8-4116-ba3c-ce1959311f14" daemon [_thread_blocked, id=15095, stack(0x00007f765abe8000,0x00007f765ace9000)]
  0x00007f7774ae6000 JavaThread "Start Level: Equinox Container: e7492fef-bae8-4116-ba3c-ce1959311f14" daemon [_thread_blocked, id=15096, stack(0x00007f765aae7000,0x00007f765abe8000)]
  0x00007f7774b08800 JavaThread "Refresh Thread: Equinox Container: e7492fef-bae8-4116-ba3c-ce1959311f14" daemon [_thread_blocked, id=15097, stack(0x00007f765a9e6000,0x00007f765aae7000)]
  0x00007f75f8003800 JavaThread "Equinox resolver thread - Equinox Container: e7492fef-bae8-4116-ba3c-ce1959311f14" daemon [_thread_blocked, id=15098, stack(0x00007f765a8e5000,0x00007f765a9e6000)]
  0x00007f75ec001000 JavaThread "Equinox resolver thread - Equinox Container: e7492fef-bae8-4116-ba3c-ce1959311f14" daemon [_thread_blocked, id=15099, stack(0x00007f765a7e4000,0x00007f765a8e5000)]
  0x00007f75f8004800 JavaThread "Equinox resolver thread - Equinox Container: e7492fef-bae8-4116-ba3c-ce1959311f14" daemon [_thread_blocked, id=15100, stack(0x00007f765a6e3000,0x00007f765a7e4000)]
  0x00007f75f8006800 JavaThread "Equinox resolver thread - Equinox Container: e7492fef-bae8-4116-ba3c-ce1959311f14" daemon [_thread_blocked, id=15101, stack(0x00007f765a5e2000,0x00007f765a6e3000)]
  0x00007f75f8008800 JavaThread "Equinox resolver thread - Equinox Container: e7492fef-bae8-4116-ba3c-ce1959311f14" daemon [_thread_blocked, id=15102, stack(0x00007f765a4e1000,0x00007f765a5e2000)]
  0x00007f75f800a000 JavaThread "Equinox resolver thread - Equinox Container: e7492fef-bae8-4116-ba3c-ce1959311f14" daemon [_thread_blocked, id=15103, stack(0x00007f765a3e0000,0x00007f765a4e1000)]
  0x00007f75f800c000 JavaThread "Equinox resolver thread - Equinox Container: e7492fef-bae8-4116-ba3c-ce1959311f14" daemon [_thread_blocked, id=15104, stack(0x00007f765a2df000,0x00007f765a3e0000)]
  0x00007f75f800e000 JavaThread "Equinox resolver thread - Equinox Container: e7492fef-bae8-4116-ba3c-ce1959311f14" daemon [_thread_blocked, id=15105, stack(0x00007f765a1de000,0x00007f765a2df000)]
  0x00007f75f8010000 JavaThread "Equinox resolver thread - Equinox Container: e7492fef-bae8-4116-ba3c-ce1959311f14" daemon [_thread_blocked, id=15106, stack(0x00007f765a0dd000,0x00007f765a1de000)]
  0x00007f75f8011800 JavaThread "Equinox resolver thread - Equinox Container: e7492fef-bae8-4116-ba3c-ce1959311f14" daemon [_thread_blocked, id=15107, stack(0x00007f7659fdc000,0x00007f765a0dd000)]
  0x00007f7774eca000 JavaThread "Bundle File Closer" daemon [_thread_blocked, id=15108, stack(0x00007f7659edb000,0x00007f7659fdc000)]
  0x00007f770415a800 JavaThread "C2 CompilerThread5" daemon [_thread_blocked, id=15109, stack(0x00007f7659dda000,0x00007f7659edb000)]
  0x00007f75f8017000 JavaThread "Equinox resolver thread - Equinox Container: e7492fef-bae8-4116-ba3c-ce1959311f14" daemon [_thread_blocked, id=15110, stack(0x00007f7659cd9000,0x00007f7659dda000)]
  0x00007f75f8018000 JavaThread "Equinox resolver thread - Equinox Container: e7492fef-bae8-4116-ba3c-ce1959311f14" daemon [_thread_blocked, id=15111, stack(0x00007f7659bd8000,0x00007f7659cd9000)]
  0x00007f75f8039000 JavaThread "Equinox resolver thread - Equinox Container: e7492fef-bae8-4116-ba3c-ce1959311f14" daemon [_thread_blocked, id=15112, stack(0x00007f7659ad7000,0x00007f7659bd8000)]
  0x00007f75bc001000 JavaThread "Equinox resolver thread - Equinox Container: e7492fef-bae8-4116-ba3c-ce1959311f14" daemon [_thread_blocked, id=15113, stack(0x00007f76599d6000,0x00007f7659ad7000)]
  0x00007f75c0001000 JavaThread "Equinox resolver thread - Equinox Container: e7492fef-bae8-4116-ba3c-ce1959311f14" daemon [_thread_blocked, id=15114, stack(0x00007f76598d5000,0x00007f76599d6000)]
  0x00007f75f803b000 JavaThread "Equinox resolver thread - Equinox Container: e7492fef-bae8-4116-ba3c-ce1959311f14" daemon [_thread_blocked, id=15115, stack(0x00007f76597d4000,0x00007f76598d5000)]
  0x00007f75c0003000 JavaThread "Equinox resolver thread - Equinox Container: e7492fef-bae8-4116-ba3c-ce1959311f14" daemon [_thread_blocked, id=15116, stack(0x00007f76596d3000,0x00007f76597d4000)]
  0x00007f75b4001000 JavaThread "Equinox resolver thread - Equinox Container: e7492fef-bae8-4116-ba3c-ce1959311f14" daemon [_thread_blocked, id=15117, stack(0x00007f76595d2000,0x00007f76596d3000)]
  0x00007f75f403c800 JavaThread "SCR Component Actor" daemon [_thread_blocked, id=15118, stack(0x00007f76592d1000,0x00007f76593d2000)]
  0x00007f75f4068000 JavaThread "Timer-0" daemon [_thread_blocked, id=15119, stack(0x00007f76591d0000,0x00007f76592d1000)]
  0x00007f770026b800 JavaThread "C2 CompilerThread6" daemon [_thread_blocked, id=15120, stack(0x00007f7658c8c000,0x00007f7658d8d000)]
  0x00007f7724a6d800 JavaThread "C2 CompilerThread7" daemon [_thread_blocked, id=15121, stack(0x00007f7658ecf000,0x00007f7658fd0000)]
  0x00007f7774c53000 JavaThread "Worker-JM" [_thread_blocked, id=15126, stack(0x00007f7658447000,0x00007f7658548000)]
  0x00007f7774c4d800 JavaThread "Worker-0" [_thread_blocked, id=15127, stack(0x00007f7658346000,0x00007f7658447000)]
=>0x00007f7774b45800 JavaThread "Worker-1: Initialize the SWIG data" [_thread_in_native, id=15128, stack(0x00007f7658245000,0x00007f7658346000)]
  0x00007f7574039800 JavaThread "EMF Reference Cleaner" daemon [_thread_blocked, id=15129, stack(0x00007f7658144000,0x00007f7658245000)]
  0x00007f7580086000 JavaThread "Worker-2" [_thread_blocked, id=15130, stack(0x00007f7658043000,0x00007f7658144000)]

Other Threads:
  0x00007f7774386000 VMThread "VM Thread" [stack: 0x00007f773f5fe000,0x00007f773f6fe000] [id=15000]
  0x00007f77744b3800 WatcherThread [stack: 0x00007f773e4d9000,0x00007f773e5d9000] [id=15011]
  0x00007f7774042800 GCTaskThread "GC Thread#0" [stack: 0x00007f7779a9b000,0x00007f7779b9b000] [id=14995]
  0x00007f7730001000 GCTaskThread "GC Thread#1" [stack: 0x00007f765b6ff000,0x00007f765b7ff000] [id=15084]
  0x00007f7730002800 GCTaskThread "GC Thread#2" [stack: 0x00007f765b5fd000,0x00007f765b6fd000] [id=15085]
  0x00007f7730004000 GCTaskThread "GC Thread#3" [stack: 0x00007f765b4fb000,0x00007f765b5fb000] [id=15086]
  0x00007f7730006000 GCTaskThread "GC Thread#4" [stack: 0x00007f765b3f9000,0x00007f765b4f9000] [id=15087]
  0x00007f7730007800 GCTaskThread "GC Thread#5" [stack: 0x00007f765b2f7000,0x00007f765b3f7000] [id=15088]
  0x00007f7730009000 GCTaskThread "GC Thread#6" [stack: 0x00007f765b1f5000,0x00007f765b2f5000] [id=15089]
  0x00007f773000a800 GCTaskThread "GC Thread#7" [stack: 0x00007f765b0f3000,0x00007f765b1f3000] [id=15090]
  0x00007f773000c000 GCTaskThread "GC Thread#8" [stack: 0x00007f765aff1000,0x00007f765b0f1000] [id=15091]
  0x00007f773000e000 GCTaskThread "GC Thread#9" [stack: 0x00007f765aeef000,0x00007f765afef000] [id=15092]
  0x00007f773000f800 GCTaskThread "GC Thread#10" [stack: 0x00007f765aded000,0x00007f765aeed000] [id=15093]
  0x00007f7730011000 GCTaskThread "GC Thread#11" [stack: 0x00007f765aceb000,0x00007f765adeb000] [id=15094]
  0x00007f77740a3800 ConcurrentGCThread "G1 Main Marker" [stack: 0x00007f774f4f7000,0x00007f774f5f7000] [id=14996]
  0x00007f77740a5800 ConcurrentGCThread "G1 Conc#0" [stack: 0x00007f774f3f5000,0x00007f774f4f5000] [id=14997]
  0x00007f7748001000 ConcurrentGCThread "G1 Conc#1" [stack: 0x00007f7658dcf000,0x00007f7658ecf000] [id=15122]
  0x00007f7748002800 ConcurrentGCThread "G1 Conc#2" [stack: 0x00007f7658b8c000,0x00007f7658c8c000] [id=15123]
  0x00007f7748004000 ConcurrentGCThread "G1 Conc#3" [stack: 0x00007f765884c000,0x00007f765894c000] [id=15124]
  0x00007f7748006000 ConcurrentGCThread "G1 Conc#4" [stack: 0x00007f765874a000,0x00007f765884a000] [id=15125]
  0x00007f77742b8800 ConcurrentGCThread "G1 Refine#0" [stack: 0x00007f774c0e1000,0x00007f774c1e1000] [id=14998]
  0x00007f77742ba000 ConcurrentGCThread "G1 Young RemSet Sampling" [stack: 0x00007f773ff00000,0x00007f7740000000] [id=14999]

Threads with active compile tasks:
C2 CompilerThread2     1566 3965       4       org.eclipse.osgi.internal.loader.BundleLoader::addExportedProvidersFor (167 bytes)

VM state:not at safepoint (normal execution)

VM Mutex/Monitor currently owned by a thread: None

Heap address: 0x0000000700000000, size: 4096 MB, Compressed Oops mode: Zero based, Oop shift amount: 3
Narrow klass base: 0x0000000800000000, Narrow klass shift: 0
Compressed class space size: 1073741824 Address: 0x0000000800000000

Heap:
 garbage-first heap   total 524288K, used 39441K [0x0000000700000000, 0x0000000800000000)
  region size 1024K, 40 young (40960K), 22 survivors (22528K)
 Metaspace       used 26153K, capacity 27698K, committed 27952K, reserved 1075200K
  class space    used 2420K, capacity 2918K, committed 2944K, reserved 1048576K
Heap Regions: E=young(eden), S=young(survivor), O=old, HS=humongous(starts), HC=humongous(continues), CS=collection set, F=free, A=archive, TAMS=top-at-mark-start (previous, next)
|   0|0x0000000700000000, 0x0000000700000000, 0x0000000700100000|  0%| F|  |TAMS 0x0000000700000000, 0x0000000700000000| Untracked 
|   1|0x0000000700100000, 0x0000000700200000, 0x0000000700200000|100%|HS|  |TAMS 0x0000000700200000, 0x0000000700100000| Complete 
|   2|0x0000000700200000, 0x0000000700200000, 0x0000000700300000|  0%| F|  |TAMS 0x0000000700200000, 0x0000000700200000| Untracked 
|   3|0x0000000700300000, 0x0000000700300000, 0x0000000700400000|  0%| F|  |TAMS 0x0000000700300000, 0x0000000700300000| Untracked 
|   4|0x0000000700400000, 0x0000000700400000, 0x0000000700500000|  0%| F|  |TAMS 0x0000000700400000, 0x0000000700400000| Untracked 
|   5|0x0000000700500000, 0x0000000700500000, 0x0000000700600000|  0%| F|  |TAMS 0x0000000700500000, 0x0000000700500000| Untracked 
|   6|0x0000000700600000, 0x0000000700600000, 0x0000000700700000|  0%| F|  |TAMS 0x0000000700600000, 0x0000000700600000| Untracked 
|   7|0x0000000700700000, 0x0000000700700000, 0x0000000700800000|  0%| F|  |TAMS 0x0000000700700000, 0x0000000700700000| Untracked 
|   8|0x0000000700800000, 0x0000000700800000, 0x0000000700900000|  0%| F|  |TAMS 0x0000000700800000, 0x0000000700800000| Untracked 
|   9|0x0000000700900000, 0x0000000700900000, 0x0000000700a00000|  0%| F|  |TAMS 0x0000000700900000, 0x0000000700900000| Untracked 
|  10|0x0000000700a00000, 0x0000000700a00000, 0x0000000700b00000|  0%| F|  |TAMS 0x0000000700a00000, 0x0000000700a00000| Untracked 
|  11|0x0000000700b00000, 0x0000000700b00000, 0x0000000700c00000|  0%| F|  |TAMS 0x0000000700b00000, 0x0000000700b00000| Untracked 
|  12|0x0000000700c00000, 0x0000000700c00000, 0x0000000700d00000|  0%| F|  |TAMS 0x0000000700c00000, 0x0000000700c00000| Untracked 
|  13|0x0000000700d00000, 0x0000000700d00000, 0x0000000700e00000|  0%| F|  |TAMS 0x0000000700d00000, 0x0000000700d00000| Untracked 
|  14|0x0000000700e00000, 0x0000000700e00000, 0x0000000700f00000|  0%| F|  |TAMS 0x0000000700e00000, 0x0000000700e00000| Untracked 
|  15|0x0000000700f00000, 0x0000000700f00000, 0x0000000701000000|  0%| F|  |TAMS 0x0000000700f00000, 0x0000000700f00000| Untracked 
|  16|0x0000000701000000, 0x0000000701000000, 0x0000000701100000|  0%| F|  |TAMS 0x0000000701000000, 0x0000000701000000| Untracked 
|  17|0x0000000701100000, 0x0000000701100000, 0x0000000701200000|  0%| F|  |TAMS 0x0000000701100000, 0x0000000701100000| Untracked 
|  18|0x0000000701200000, 0x0000000701200000, 0x0000000701300000|  0%| F|  |TAMS 0x0000000701200000, 0x0000000701200000| Untracked 
|  19|0x0000000701300000, 0x0000000701300000, 0x0000000701400000|  0%| F|  |TAMS 0x0000000701300000, 0x0000000701300000| Untracked 
|  20|0x0000000701400000, 0x0000000701400000, 0x0000000701500000|  0%| F|  |TAMS 0x0000000701400000, 0x0000000701400000| Untracked 
|  21|0x0000000701500000, 0x0000000701500000, 0x0000000701600000|  0%| F|  |TAMS 0x0000000701500000, 0x0000000701500000| Untracked 
|  22|0x0000000701600000, 0x0000000701600000, 0x0000000701700000|  0%| F|  |TAMS 0x0000000701600000, 0x0000000701600000| Untracked 
|  23|0x0000000701700000, 0x0000000701700000, 0x0000000701800000|  0%| F|  |TAMS 0x0000000701700000, 0x0000000701700000| Untracked 
|  24|0x0000000701800000, 0x0000000701800000, 0x0000000701900000|  0%| F|  |TAMS 0x0000000701800000, 0x0000000701800000| Untracked 
|  25|0x0000000701900000, 0x0000000701900000, 0x0000000701a00000|  0%| F|  |TAMS 0x0000000701900000, 0x0000000701900000| Untracked 
|  26|0x0000000701a00000, 0x0000000701a00000, 0x0000000701b00000|  0%| F|  |TAMS 0x0000000701a00000, 0x0000000701a00000| Untracked 
|  27|0x0000000701b00000, 0x0000000701b00000, 0x0000000701c00000|  0%| F|  |TAMS 0x0000000701b00000, 0x0000000701b00000| Untracked 
|  28|0x0000000701c00000, 0x0000000701c00000, 0x0000000701d00000|  0%| F|  |TAMS 0x0000000701c00000, 0x0000000701c00000| Untracked 
|  29|0x0000000701d00000, 0x0000000701d00000, 0x0000000701e00000|  0%| F|  |TAMS 0x0000000701d00000, 0x0000000701d00000| Untracked 
|  30|0x0000000701e00000, 0x0000000701e00000, 0x0000000701f00000|  0%| F|  |TAMS 0x0000000701e00000, 0x0000000701e00000| Untracked 
|  31|0x0000000701f00000, 0x0000000701f00000, 0x0000000702000000|  0%| F|  |TAMS 0x0000000701f00000, 0x0000000701f00000| Untracked 
|  32|0x0000000702000000, 0x0000000702000000, 0x0000000702100000|  0%| F|  |TAMS 0x0000000702000000, 0x0000000702000000| Untracked 
|  33|0x0000000702100000, 0x0000000702100000, 0x0000000702200000|  0%| F|  |TAMS 0x0000000702100000, 0x0000000702100000| Untracked 
|  34|0x0000000702200000, 0x0000000702200000, 0x0000000702300000|  0%| F|  |TAMS 0x0000000702200000, 0x0000000702200000| Untracked 
|  35|0x0000000702300000, 0x0000000702300000, 0x0000000702400000|  0%| F|  |TAMS 0x0000000702300000, 0x0000000702300000| Untracked 
|  36|0x0000000702400000, 0x0000000702400000, 0x0000000702500000|  0%| F|  |TAMS 0x0000000702400000, 0x0000000702400000| Untracked 
|  37|0x0000000702500000, 0x0000000702500000, 0x0000000702600000|  0%| F|  |TAMS 0x0000000702500000, 0x0000000702500000| Untracked 
|  38|0x0000000702600000, 0x0000000702600000, 0x0000000702700000|  0%| F|  |TAMS 0x0000000702600000, 0x0000000702600000| Untracked 
|  39|0x0000000702700000, 0x0000000702700000, 0x0000000702800000|  0%| F|  |TAMS 0x0000000702700000, 0x0000000702700000| Untracked 
|  40|0x0000000702800000, 0x0000000702800000, 0x0000000702900000|  0%| F|  |TAMS 0x0000000702800000, 0x0000000702800000| Untracked 
|  41|0x0000000702900000, 0x0000000702900000, 0x0000000702a00000|  0%| F|  |TAMS 0x0000000702900000, 0x0000000702900000| Untracked 
|  42|0x0000000702a00000, 0x0000000702a00000, 0x0000000702b00000|  0%| F|  |TAMS 0x0000000702a00000, 0x0000000702a00000| Untracked 
|  43|0x0000000702b00000, 0x0000000702b00000, 0x0000000702c00000|  0%| F|  |TAMS 0x0000000702b00000, 0x0000000702b00000| Untracked 
|  44|0x0000000702c00000, 0x0000000702c00000, 0x0000000702d00000|  0%| F|  |TAMS 0x0000000702c00000, 0x0000000702c00000| Untracked 
|  45|0x0000000702d00000, 0x0000000702d00000, 0x0000000702e00000|  0%| F|  |TAMS 0x0000000702d00000, 0x0000000702d00000| Untracked 
|  46|0x0000000702e00000, 0x0000000702e00000, 0x0000000702f00000|  0%| F|  |TAMS 0x0000000702e00000, 0x0000000702e00000| Untracked 
|  47|0x0000000702f00000, 0x0000000702f00000, 0x0000000703000000|  0%| F|  |TAMS 0x0000000702f00000, 0x0000000702f00000| Untracked 
|  48|0x0000000703000000, 0x0000000703000000, 0x0000000703100000|  0%| F|  |TAMS 0x0000000703000000, 0x0000000703000000| Untracked 
|  49|0x0000000703100000, 0x0000000703100000, 0x0000000703200000|  0%| F|  |TAMS 0x0000000703100000, 0x0000000703100000| Untracked 
|  50|0x0000000703200000, 0x0000000703200000, 0x0000000703300000|  0%| F|  |TAMS 0x0000000703200000, 0x0000000703200000| Untracked 
|  51|0x0000000703300000, 0x0000000703300000, 0x0000000703400000|  0%| F|  |TAMS 0x0000000703300000, 0x0000000703300000| Untracked 
|  52|0x0000000703400000, 0x0000000703400000, 0x0000000703500000|  0%| F|  |TAMS 0x0000000703400000, 0x0000000703400000| Untracked 
|  53|0x0000000703500000, 0x0000000703500000, 0x0000000703600000|  0%| F|  |TAMS 0x0000000703500000, 0x0000000703500000| Untracked 
|  54|0x0000000703600000, 0x0000000703600000, 0x0000000703700000|  0%| F|  |TAMS 0x0000000703600000, 0x0000000703600000| Untracked 
|  55|0x0000000703700000, 0x0000000703700000, 0x0000000703800000|  0%| F|  |TAMS 0x0000000703700000, 0x0000000703700000| Untracked 
|  56|0x0000000703800000, 0x0000000703800000, 0x0000000703900000|  0%| F|  |TAMS 0x0000000703800000, 0x0000000703800000| Untracked 
|  57|0x0000000703900000, 0x0000000703900000, 0x0000000703a00000|  0%| F|  |TAMS 0x0000000703900000, 0x0000000703900000| Untracked 
|  58|0x0000000703a00000, 0x0000000703a00000, 0x0000000703b00000|  0%| F|  |TAMS 0x0000000703a00000, 0x0000000703a00000| Untracked 
|  59|0x0000000703b00000, 0x0000000703b00000, 0x0000000703c00000|  0%| F|  |TAMS 0x0000000703b00000, 0x0000000703b00000| Untracked 
|  60|0x0000000703c00000, 0x0000000703c00000, 0x0000000703d00000|  0%| F|  |TAMS 0x0000000703c00000, 0x0000000703c00000| Untracked 
|  61|0x0000000703d00000, 0x0000000703d00000, 0x0000000703e00000|  0%| F|  |TAMS 0x0000000703d00000, 0x0000000703d00000| Untracked 
|  62|0x0000000703e00000, 0x0000000703e00000, 0x0000000703f00000|  0%| F|  |TAMS 0x0000000703e00000, 0x0000000703e00000| Untracked 
|  63|0x0000000703f00000, 0x0000000703f00000, 0x0000000704000000|  0%| F|  |TAMS 0x0000000703f00000, 0x0000000703f00000| Untracked 
|  64|0x0000000704000000, 0x0000000704000000, 0x0000000704100000|  0%| F|  |TAMS 0x0000000704000000, 0x0000000704000000| Untracked 
|  65|0x0000000704100000, 0x0000000704100000, 0x0000000704200000|  0%| F|  |TAMS 0x0000000704100000, 0x0000000704100000| Untracked 
|  66|0x0000000704200000, 0x0000000704200000, 0x0000000704300000|  0%| F|  |TAMS 0x0000000704200000, 0x0000000704200000| Untracked 
|  67|0x0000000704300000, 0x0000000704300000, 0x0000000704400000|  0%| F|  |TAMS 0x0000000704300000, 0x0000000704300000| Untracked 
|  68|0x0000000704400000, 0x0000000704400000, 0x0000000704500000|  0%| F|  |TAMS 0x0000000704400000, 0x0000000704400000| Untracked 
|  69|0x0000000704500000, 0x0000000704500000, 0x0000000704600000|  0%| F|  |TAMS 0x0000000704500000, 0x0000000704500000| Untracked 
|  70|0x0000000704600000, 0x0000000704600000, 0x0000000704700000|  0%| F|  |TAMS 0x0000000704600000, 0x0000000704600000| Untracked 
|  71|0x0000000704700000, 0x0000000704700000, 0x0000000704800000|  0%| F|  |TAMS 0x0000000704700000, 0x0000000704700000| Untracked 
|  72|0x0000000704800000, 0x0000000704800000, 0x0000000704900000|  0%| F|  |TAMS 0x0000000704800000, 0x0000000704800000| Untracked 
|  73|0x0000000704900000, 0x0000000704900000, 0x0000000704a00000|  0%| F|  |TAMS 0x0000000704900000, 0x0000000704900000| Untracked 
|  74|0x0000000704a00000, 0x0000000704a00000, 0x0000000704b00000|  0%| F|  |TAMS 0x0000000704a00000, 0x0000000704a00000| Untracked 
|  75|0x0000000704b00000, 0x0000000704b00000, 0x0000000704c00000|  0%| F|  |TAMS 0x0000000704b00000, 0x0000000704b00000| Untracked 
|  76|0x0000000704c00000, 0x0000000704c00000, 0x0000000704d00000|  0%| F|  |TAMS 0x0000000704c00000, 0x0000000704c00000| Untracked 
|  77|0x0000000704d00000, 0x0000000704d00000, 0x0000000704e00000|  0%| F|  |TAMS 0x0000000704d00000, 0x0000000704d00000| Untracked 
|  78|0x0000000704e00000, 0x0000000704e00000, 0x0000000704f00000|  0%| F|  |TAMS 0x0000000704e00000, 0x0000000704e00000| Untracked 
|  79|0x0000000704f00000, 0x0000000704f00000, 0x0000000705000000|  0%| F|  |TAMS 0x0000000704f00000, 0x0000000704f00000| Untracked 
|  80|0x0000000705000000, 0x0000000705000000, 0x0000000705100000|  0%| F|  |TAMS 0x0000000705000000, 0x0000000705000000| Untracked 
|  81|0x0000000705100000, 0x0000000705100000, 0x0000000705200000|  0%| F|  |TAMS 0x0000000705100000, 0x0000000705100000| Untracked 
|  82|0x0000000705200000, 0x0000000705200000, 0x0000000705300000|  0%| F|  |TAMS 0x0000000705200000, 0x0000000705200000| Untracked 
|  83|0x0000000705300000, 0x0000000705300000, 0x0000000705400000|  0%| F|  |TAMS 0x0000000705300000, 0x0000000705300000| Untracked 
|  84|0x0000000705400000, 0x0000000705400000, 0x0000000705500000|  0%| F|  |TAMS 0x0000000705400000, 0x0000000705400000| Untracked 
|  85|0x0000000705500000, 0x0000000705500000, 0x0000000705600000|  0%| F|  |TAMS 0x0000000705500000, 0x0000000705500000| Untracked 
|  86|0x0000000705600000, 0x0000000705600000, 0x0000000705700000|  0%| F|  |TAMS 0x0000000705600000, 0x0000000705600000| Untracked 
|  87|0x0000000705700000, 0x0000000705700000, 0x0000000705800000|  0%| F|  |TAMS 0x0000000705700000, 0x0000000705700000| Untracked 
|  88|0x0000000705800000, 0x0000000705800000, 0x0000000705900000|  0%| F|  |TAMS 0x0000000705800000, 0x0000000705800000| Untracked 
|  89|0x0000000705900000, 0x0000000705900000, 0x0000000705a00000|  0%| F|  |TAMS 0x0000000705900000, 0x0000000705900000| Untracked 
|  90|0x0000000705a00000, 0x0000000705a00000, 0x0000000705b00000|  0%| F|  |TAMS 0x0000000705a00000, 0x0000000705a00000| Untracked 
|  91|0x0000000705b00000, 0x0000000705b00000, 0x0000000705c00000|  0%| F|  |TAMS 0x0000000705b00000, 0x0000000705b00000| Untracked 
|  92|0x0000000705c00000, 0x0000000705c00000, 0x0000000705d00000|  0%| F|  |TAMS 0x0000000705c00000, 0x0000000705c00000| Untracked 
|  93|0x0000000705d00000, 0x0000000705d00000, 0x0000000705e00000|  0%| F|  |TAMS 0x0000000705d00000, 0x0000000705d00000| Untracked 
|  94|0x0000000705e00000, 0x0000000705e00000, 0x0000000705f00000|  0%| F|  |TAMS 0x0000000705e00000, 0x0000000705e00000| Untracked 
|  95|0x0000000705f00000, 0x0000000705f00000, 0x0000000706000000|  0%| F|  |TAMS 0x0000000705f00000, 0x0000000705f00000| Untracked 
|  96|0x0000000706000000, 0x0000000706000000, 0x0000000706100000|  0%| F|  |TAMS 0x0000000706000000, 0x0000000706000000| Untracked 
|  97|0x0000000706100000, 0x0000000706100000, 0x0000000706200000|  0%| F|  |TAMS 0x0000000706100000, 0x0000000706100000| Untracked 
|  98|0x0000000706200000, 0x0000000706200000, 0x0000000706300000|  0%| F|  |TAMS 0x0000000706200000, 0x0000000706200000| Untracked 
|  99|0x0000000706300000, 0x0000000706300000, 0x0000000706400000|  0%| F|  |TAMS 0x0000000706300000, 0x0000000706300000| Untracked 
| 100|0x0000000706400000, 0x0000000706400000, 0x0000000706500000|  0%| F|  |TAMS 0x0000000706400000, 0x0000000706400000| Untracked 
| 101|0x0000000706500000, 0x0000000706500000, 0x0000000706600000|  0%| F|  |TAMS 0x0000000706500000, 0x0000000706500000| Untracked 
| 102|0x0000000706600000, 0x0000000706600000, 0x0000000706700000|  0%| F|  |TAMS 0x0000000706600000, 0x0000000706600000| Untracked 
| 103|0x0000000706700000, 0x0000000706700000, 0x0000000706800000|  0%| F|  |TAMS 0x0000000706700000, 0x0000000706700000| Untracked 
| 104|0x0000000706800000, 0x0000000706800000, 0x0000000706900000|  0%| F|  |TAMS 0x0000000706800000, 0x0000000706800000| Untracked 
| 105|0x0000000706900000, 0x0000000706900000, 0x0000000706a00000|  0%| F|  |TAMS 0x0000000706900000, 0x0000000706900000| Untracked 
| 106|0x0000000706a00000, 0x0000000706a00000, 0x0000000706b00000|  0%| F|  |TAMS 0x0000000706a00000, 0x0000000706a00000| Untracked 
| 107|0x0000000706b00000, 0x0000000706b00000, 0x0000000706c00000|  0%| F|  |TAMS 0x0000000706b00000, 0x0000000706b00000| Untracked 
| 108|0x0000000706c00000, 0x0000000706c00000, 0x0000000706d00000|  0%| F|  |TAMS 0x0000000706c00000, 0x0000000706c00000| Untracked 
| 109|0x0000000706d00000, 0x0000000706d00000, 0x0000000706e00000|  0%| F|  |TAMS 0x0000000706d00000, 0x0000000706d00000| Untracked 
| 110|0x0000000706e00000, 0x0000000706e00000, 0x0000000706f00000|  0%| F|  |TAMS 0x0000000706e00000, 0x0000000706e00000| Untracked 
| 111|0x0000000706f00000, 0x0000000706f00000, 0x0000000707000000|  0%| F|  |TAMS 0x0000000706f00000, 0x0000000706f00000| Untracked 
| 112|0x0000000707000000, 0x0000000707000000, 0x0000000707100000|  0%| F|  |TAMS 0x0000000707000000, 0x0000000707000000| Untracked 
| 113|0x0000000707100000, 0x0000000707100000, 0x0000000707200000|  0%| F|  |TAMS 0x0000000707100000, 0x0000000707100000| Untracked 
| 114|0x0000000707200000, 0x0000000707200000, 0x0000000707300000|  0%| F|  |TAMS 0x0000000707200000, 0x0000000707200000| Untracked 
| 115|0x0000000707300000, 0x0000000707300000, 0x0000000707400000|  0%| F|  |TAMS 0x0000000707300000, 0x0000000707300000| Untracked 
| 116|0x0000000707400000, 0x0000000707400000, 0x0000000707500000|  0%| F|  |TAMS 0x0000000707400000, 0x0000000707400000| Untracked 
| 117|0x0000000707500000, 0x0000000707500000, 0x0000000707600000|  0%| F|  |TAMS 0x0000000707500000, 0x0000000707500000| Untracked 
| 118|0x0000000707600000, 0x0000000707600000, 0x0000000707700000|  0%| F|  |TAMS 0x0000000707600000, 0x0000000707600000| Untracked 
| 119|0x0000000707700000, 0x0000000707700000, 0x0000000707800000|  0%| F|  |TAMS 0x0000000707700000, 0x0000000707700000| Untracked 
| 120|0x0000000707800000, 0x0000000707800000, 0x0000000707900000|  0%| F|  |TAMS 0x0000000707800000, 0x0000000707800000| Untracked 
| 121|0x0000000707900000, 0x0000000707900000, 0x0000000707a00000|  0%| F|  |TAMS 0x0000000707900000, 0x0000000707900000| Untracked 
| 122|0x0000000707a00000, 0x0000000707a00000, 0x0000000707b00000|  0%| F|  |TAMS 0x0000000707a00000, 0x0000000707a00000| Untracked 
| 123|0x0000000707b00000, 0x0000000707b00000, 0x0000000707c00000|  0%| F|  |TAMS 0x0000000707b00000, 0x0000000707b00000| Untracked 
| 124|0x0000000707c00000, 0x0000000707c00000, 0x0000000707d00000|  0%| F|  |TAMS 0x0000000707c00000, 0x0000000707c00000| Untracked 
| 125|0x0000000707d00000, 0x0000000707d00000, 0x0000000707e00000|  0%| F|  |TAMS 0x0000000707d00000, 0x0000000707d00000| Untracked 
| 126|0x0000000707e00000, 0x0000000707e00000, 0x0000000707f00000|  0%| F|  |TAMS 0x0000000707e00000, 0x0000000707e00000| Untracked 
| 127|0x0000000707f00000, 0x0000000707f00000, 0x0000000708000000|  0%| F|  |TAMS 0x0000000707f00000, 0x0000000707f00000| Untracked 
| 128|0x0000000708000000, 0x0000000708000000, 0x0000000708100000|  0%| F|  |TAMS 0x0000000708000000, 0x0000000708000000| Untracked 
| 129|0x0000000708100000, 0x0000000708100000, 0x0000000708200000|  0%| F|  |TAMS 0x0000000708100000, 0x0000000708100000| Untracked 
| 130|0x0000000708200000, 0x0000000708200000, 0x0000000708300000|  0%| F|  |TAMS 0x0000000708200000, 0x0000000708200000| Untracked 
| 131|0x0000000708300000, 0x0000000708300000, 0x0000000708400000|  0%| F|  |TAMS 0x0000000708300000, 0x0000000708300000| Untracked 
| 132|0x0000000708400000, 0x0000000708400000, 0x0000000708500000|  0%| F|  |TAMS 0x0000000708400000, 0x0000000708400000| Untracked 
| 133|0x0000000708500000, 0x0000000708500000, 0x0000000708600000|  0%| F|  |TAMS 0x0000000708500000, 0x0000000708500000| Untracked 
| 134|0x0000000708600000, 0x0000000708600000, 0x0000000708700000|  0%| F|  |TAMS 0x0000000708600000, 0x0000000708600000| Untracked 
| 135|0x0000000708700000, 0x0000000708700000, 0x0000000708800000|  0%| F|  |TAMS 0x0000000708700000, 0x0000000708700000| Untracked 
| 136|0x0000000708800000, 0x0000000708800000, 0x0000000708900000|  0%| F|  |TAMS 0x0000000708800000, 0x0000000708800000| Untracked 
| 137|0x0000000708900000, 0x0000000708900000, 0x0000000708a00000|  0%| F|  |TAMS 0x0000000708900000, 0x0000000708900000| Untracked 
| 138|0x0000000708a00000, 0x0000000708a00000, 0x0000000708b00000|  0%| F|  |TAMS 0x0000000708a00000, 0x0000000708a00000| Untracked 
| 139|0x0000000708b00000, 0x0000000708b00000, 0x0000000708c00000|  0%| F|  |TAMS 0x0000000708b00000, 0x0000000708b00000| Untracked 
| 140|0x0000000708c00000, 0x0000000708c00000, 0x0000000708d00000|  0%| F|  |TAMS 0x0000000708c00000, 0x0000000708c00000| Untracked 
| 141|0x0000000708d00000, 0x0000000708d00000, 0x0000000708e00000|  0%| F|  |TAMS 0x0000000708d00000, 0x0000000708d00000| Untracked 
| 142|0x0000000708e00000, 0x0000000708e00000, 0x0000000708f00000|  0%| F|  |TAMS 0x0000000708e00000, 0x0000000708e00000| Untracked 
| 143|0x0000000708f00000, 0x0000000708f00000, 0x0000000709000000|  0%| F|  |TAMS 0x0000000708f00000, 0x0000000708f00000| Untracked 
| 144|0x0000000709000000, 0x0000000709000000, 0x0000000709100000|  0%| F|  |TAMS 0x0000000709000000, 0x0000000709000000| Untracked 
| 145|0x0000000709100000, 0x0000000709100000, 0x0000000709200000|  0%| F|  |TAMS 0x0000000709100000, 0x0000000709100000| Untracked 
| 146|0x0000000709200000, 0x0000000709200000, 0x0000000709300000|  0%| F|  |TAMS 0x0000000709200000, 0x0000000709200000| Untracked 
| 147|0x0000000709300000, 0x0000000709300000, 0x0000000709400000|  0%| F|  |TAMS 0x0000000709300000, 0x0000000709300000| Untracked 
| 148|0x0000000709400000, 0x0000000709400000, 0x0000000709500000|  0%| F|  |TAMS 0x0000000709400000, 0x0000000709400000| Untracked 
| 149|0x0000000709500000, 0x0000000709500000, 0x0000000709600000|  0%| F|  |TAMS 0x0000000709500000, 0x0000000709500000| Untracked 
| 150|0x0000000709600000, 0x0000000709600000, 0x0000000709700000|  0%| F|  |TAMS 0x0000000709600000, 0x0000000709600000| Untracked 
| 151|0x0000000709700000, 0x0000000709700000, 0x0000000709800000|  0%| F|  |TAMS 0x0000000709700000, 0x0000000709700000| Untracked 
| 152|0x0000000709800000, 0x0000000709800000, 0x0000000709900000|  0%| F|  |TAMS 0x0000000709800000, 0x0000000709800000| Untracked 
| 153|0x0000000709900000, 0x0000000709900000, 0x0000000709a00000|  0%| F|  |TAMS 0x0000000709900000, 0x0000000709900000| Untracked 
| 154|0x0000000709a00000, 0x0000000709a00000, 0x0000000709b00000|  0%| F|  |TAMS 0x0000000709a00000, 0x0000000709a00000| Untracked 
| 155|0x0000000709b00000, 0x0000000709b00000, 0x0000000709c00000|  0%| F|  |TAMS 0x0000000709b00000, 0x0000000709b00000| Untracked 
| 156|0x0000000709c00000, 0x0000000709c00000, 0x0000000709d00000|  0%| F|  |TAMS 0x0000000709c00000, 0x0000000709c00000| Untracked 
| 157|0x0000000709d00000, 0x0000000709d00000, 0x0000000709e00000|  0%| F|  |TAMS 0x0000000709d00000, 0x0000000709d00000| Untracked 
| 158|0x0000000709e00000, 0x0000000709e00000, 0x0000000709f00000|  0%| F|  |TAMS 0x0000000709e00000, 0x0000000709e00000| Untracked 
| 159|0x0000000709f00000, 0x0000000709f00000, 0x000000070a000000|  0%| F|  |TAMS 0x0000000709f00000, 0x0000000709f00000| Untracked 
| 160|0x000000070a000000, 0x000000070a000000, 0x000000070a100000|  0%| F|  |TAMS 0x000000070a000000, 0x000000070a000000| Untracked 
| 161|0x000000070a100000, 0x000000070a100000, 0x000000070a200000|  0%| F|  |TAMS 0x000000070a100000, 0x000000070a100000| Untracked 
| 162|0x000000070a200000, 0x000000070a200000, 0x000000070a300000|  0%| F|  |TAMS 0x000000070a200000, 0x000000070a200000| Untracked 
| 163|0x000000070a300000, 0x000000070a300000, 0x000000070a400000|  0%| F|  |TAMS 0x000000070a300000, 0x000000070a300000| Untracked 
| 164|0x000000070a400000, 0x000000070a400000, 0x000000070a500000|  0%| F|  |TAMS 0x000000070a400000, 0x000000070a400000| Untracked 
| 165|0x000000070a500000, 0x000000070a500000, 0x000000070a600000|  0%| F|  |TAMS 0x000000070a500000, 0x000000070a500000| Untracked 
| 166|0x000000070a600000, 0x000000070a600000, 0x000000070a700000|  0%| F|  |TAMS 0x000000070a600000, 0x000000070a600000| Untracked 
| 167|0x000000070a700000, 0x000000070a700000, 0x000000070a800000|  0%| F|  |TAMS 0x000000070a700000, 0x000000070a700000| Untracked 
| 168|0x000000070a800000, 0x000000070a800000, 0x000000070a900000|  0%| F|  |TAMS 0x000000070a800000, 0x000000070a800000| Untracked 
| 169|0x000000070a900000, 0x000000070a900000, 0x000000070aa00000|  0%| F|  |TAMS 0x000000070a900000, 0x000000070a900000| Untracked 
| 170|0x000000070aa00000, 0x000000070aa00000, 0x000000070ab00000|  0%| F|  |TAMS 0x000000070aa00000, 0x000000070aa00000| Untracked 
| 171|0x000000070ab00000, 0x000000070ab00000, 0x000000070ac00000|  0%| F|  |TAMS 0x000000070ab00000, 0x000000070ab00000| Untracked 
| 172|0x000000070ac00000, 0x000000070ac00000, 0x000000070ad00000|  0%| F|  |TAMS 0x000000070ac00000, 0x000000070ac00000| Untracked 
| 173|0x000000070ad00000, 0x000000070ad00000, 0x000000070ae00000|  0%| F|  |TAMS 0x000000070ad00000, 0x000000070ad00000| Untracked 
| 174|0x000000070ae00000, 0x000000070ae00000, 0x000000070af00000|  0%| F|  |TAMS 0x000000070ae00000, 0x000000070ae00000| Untracked 
| 175|0x000000070af00000, 0x000000070af00000, 0x000000070b000000|  0%| F|  |TAMS 0x000000070af00000, 0x000000070af00000| Untracked 
| 176|0x000000070b000000, 0x000000070b000000, 0x000000070b100000|  0%| F|  |TAMS 0x000000070b000000, 0x000000070b000000| Untracked 
| 177|0x000000070b100000, 0x000000070b100000, 0x000000070b200000|  0%| F|  |TAMS 0x000000070b100000, 0x000000070b100000| Untracked 
| 178|0x000000070b200000, 0x000000070b200000, 0x000000070b300000|  0%| F|  |TAMS 0x000000070b200000, 0x000000070b200000| Untracked 
| 179|0x000000070b300000, 0x000000070b300000, 0x000000070b400000|  0%| F|  |TAMS 0x000000070b300000, 0x000000070b300000| Untracked 
| 180|0x000000070b400000, 0x000000070b400000, 0x000000070b500000|  0%| F|  |TAMS 0x000000070b400000, 0x000000070b400000| Untracked 
| 181|0x000000070b500000, 0x000000070b500000, 0x000000070b600000|  0%| F|  |TAMS 0x000000070b500000, 0x000000070b500000| Untracked 
| 182|0x000000070b600000, 0x000000070b600000, 0x000000070b700000|  0%| F|  |TAMS 0x000000070b600000, 0x000000070b600000| Untracked 
| 183|0x000000070b700000, 0x000000070b700000, 0x000000070b800000|  0%| F|  |TAMS 0x000000070b700000, 0x000000070b700000| Untracked 
| 184|0x000000070b800000, 0x000000070b800000, 0x000000070b900000|  0%| F|  |TAMS 0x000000070b800000, 0x000000070b800000| Untracked 
| 185|0x000000070b900000, 0x000000070b900000, 0x000000070ba00000|  0%| F|  |TAMS 0x000000070b900000, 0x000000070b900000| Untracked 
| 186|0x000000070ba00000, 0x000000070ba00000, 0x000000070bb00000|  0%| F|  |TAMS 0x000000070ba00000, 0x000000070ba00000| Untracked 
| 187|0x000000070bb00000, 0x000000070bb00000, 0x000000070bc00000|  0%| F|  |TAMS 0x000000070bb00000, 0x000000070bb00000| Untracked 
| 188|0x000000070bc00000, 0x000000070bc00000, 0x000000070bd00000|  0%| F|  |TAMS 0x000000070bc00000, 0x000000070bc00000| Untracked 
| 189|0x000000070bd00000, 0x000000070bd00000, 0x000000070be00000|  0%| F|  |TAMS 0x000000070bd00000, 0x000000070bd00000| Untracked 
| 190|0x000000070be00000, 0x000000070be00000, 0x000000070bf00000|  0%| F|  |TAMS 0x000000070be00000, 0x000000070be00000| Untracked 
| 191|0x000000070bf00000, 0x000000070bf00000, 0x000000070c000000|  0%| F|  |TAMS 0x000000070bf00000, 0x000000070bf00000| Untracked 
| 192|0x000000070c000000, 0x000000070c000000, 0x000000070c100000|  0%| F|  |TAMS 0x000000070c000000, 0x000000070c000000| Untracked 
| 193|0x000000070c100000, 0x000000070c100000, 0x000000070c200000|  0%| F|  |TAMS 0x000000070c100000, 0x000000070c100000| Untracked 
| 194|0x000000070c200000, 0x000000070c200000, 0x000000070c300000|  0%| F|  |TAMS 0x000000070c200000, 0x000000070c200000| Untracked 
| 195|0x000000070c300000, 0x000000070c300000, 0x000000070c400000|  0%| F|  |TAMS 0x000000070c300000, 0x000000070c300000| Untracked 
| 196|0x000000070c400000, 0x000000070c400000, 0x000000070c500000|  0%| F|  |TAMS 0x000000070c400000, 0x000000070c400000| Untracked 
| 197|0x000000070c500000, 0x000000070c500000, 0x000000070c600000|  0%| F|  |TAMS 0x000000070c500000, 0x000000070c500000| Untracked 
| 198|0x000000070c600000, 0x000000070c600000, 0x000000070c700000|  0%| F|  |TAMS 0x000000070c600000, 0x000000070c600000| Untracked 
| 199|0x000000070c700000, 0x000000070c700000, 0x000000070c800000|  0%| F|  |TAMS 0x000000070c700000, 0x000000070c700000| Untracked 
| 200|0x000000070c800000, 0x000000070c800000, 0x000000070c900000|  0%| F|  |TAMS 0x000000070c800000, 0x000000070c800000| Untracked 
| 201|0x000000070c900000, 0x000000070c900000, 0x000000070ca00000|  0%| F|  |TAMS 0x000000070c900000, 0x000000070c900000| Untracked 
| 202|0x000000070ca00000, 0x000000070ca00000, 0x000000070cb00000|  0%| F|  |TAMS 0x000000070ca00000, 0x000000070ca00000| Untracked 
| 203|0x000000070cb00000, 0x000000070cb00000, 0x000000070cc00000|  0%| F|  |TAMS 0x000000070cb00000, 0x000000070cb00000| Untracked 
| 204|0x000000070cc00000, 0x000000070cc00000, 0x000000070cd00000|  0%| F|  |TAMS 0x000000070cc00000, 0x000000070cc00000| Untracked 
| 205|0x000000070cd00000, 0x000000070cd00000, 0x000000070ce00000|  0%| F|  |TAMS 0x000000070cd00000, 0x000000070cd00000| Untracked 
| 206|0x000000070ce00000, 0x000000070ce00000, 0x000000070cf00000|  0%| F|  |TAMS 0x000000070ce00000, 0x000000070ce00000| Untracked 
| 207|0x000000070cf00000, 0x000000070cf00000, 0x000000070d000000|  0%| F|  |TAMS 0x000000070cf00000, 0x000000070cf00000| Untracked 
| 208|0x000000070d000000, 0x000000070d000000, 0x000000070d100000|  0%| F|  |TAMS 0x000000070d000000, 0x000000070d000000| Untracked 
| 209|0x000000070d100000, 0x000000070d100000, 0x000000070d200000|  0%| F|  |TAMS 0x000000070d100000, 0x000000070d100000| Untracked 
| 210|0x000000070d200000, 0x000000070d200000, 0x000000070d300000|  0%| F|  |TAMS 0x000000070d200000, 0x000000070d200000| Untracked 
| 211|0x000000070d300000, 0x000000070d300000, 0x000000070d400000|  0%| F|  |TAMS 0x000000070d300000, 0x000000070d300000| Untracked 
| 212|0x000000070d400000, 0x000000070d400000, 0x000000070d500000|  0%| F|  |TAMS 0x000000070d400000, 0x000000070d400000| Untracked 
| 213|0x000000070d500000, 0x000000070d500000, 0x000000070d600000|  0%| F|  |TAMS 0x000000070d500000, 0x000000070d500000| Untracked 
| 214|0x000000070d600000, 0x000000070d600000, 0x000000070d700000|  0%| F|  |TAMS 0x000000070d600000, 0x000000070d600000| Untracked 
| 215|0x000000070d700000, 0x000000070d700000, 0x000000070d800000|  0%| F|  |TAMS 0x000000070d700000, 0x000000070d700000| Untracked 
| 216|0x000000070d800000, 0x000000070d800000, 0x000000070d900000|  0%| F|  |TAMS 0x000000070d800000, 0x000000070d800000| Untracked 
| 217|0x000000070d900000, 0x000000070d900000, 0x000000070da00000|  0%| F|  |TAMS 0x000000070d900000, 0x000000070d900000| Untracked 
| 218|0x000000070da00000, 0x000000070da00000, 0x000000070db00000|  0%| F|  |TAMS 0x000000070da00000, 0x000000070da00000| Untracked 
| 219|0x000000070db00000, 0x000000070db00000, 0x000000070dc00000|  0%| F|  |TAMS 0x000000070db00000, 0x000000070db00000| Untracked 
| 220|0x000000070dc00000, 0x000000070dc00000, 0x000000070dd00000|  0%| F|  |TAMS 0x000000070dc00000, 0x000000070dc00000| Untracked 
| 221|0x000000070dd00000, 0x000000070dd00000, 0x000000070de00000|  0%| F|  |TAMS 0x000000070dd00000, 0x000000070dd00000| Untracked 
| 222|0x000000070de00000, 0x000000070de00000, 0x000000070df00000|  0%| F|  |TAMS 0x000000070de00000, 0x000000070de00000| Untracked 
| 223|0x000000070df00000, 0x000000070df00000, 0x000000070e000000|  0%| F|  |TAMS 0x000000070df00000, 0x000000070df00000| Untracked 
| 224|0x000000070e000000, 0x000000070e000000, 0x000000070e100000|  0%| F|  |TAMS 0x000000070e000000, 0x000000070e000000| Untracked 
| 225|0x000000070e100000, 0x000000070e100000, 0x000000070e200000|  0%| F|  |TAMS 0x000000070e100000, 0x000000070e100000| Untracked 
| 226|0x000000070e200000, 0x000000070e200000, 0x000000070e300000|  0%| F|  |TAMS 0x000000070e200000, 0x000000070e200000| Untracked 
| 227|0x000000070e300000, 0x000000070e300000, 0x000000070e400000|  0%| F|  |TAMS 0x000000070e300000, 0x000000070e300000| Untracked 
| 228|0x000000070e400000, 0x000000070e400000, 0x000000070e500000|  0%| F|  |TAMS 0x000000070e400000, 0x000000070e400000| Untracked 
| 229|0x000000070e500000, 0x000000070e500000, 0x000000070e600000|  0%| F|  |TAMS 0x000000070e500000, 0x000000070e500000| Untracked 
| 230|0x000000070e600000, 0x000000070e600000, 0x000000070e700000|  0%| F|  |TAMS 0x000000070e600000, 0x000000070e600000| Untracked 
| 231|0x000000070e700000, 0x000000070e700000, 0x000000070e800000|  0%| F|  |TAMS 0x000000070e700000, 0x000000070e700000| Untracked 
| 232|0x000000070e800000, 0x000000070e800000, 0x000000070e900000|  0%| F|  |TAMS 0x000000070e800000, 0x000000070e800000| Untracked 
| 233|0x000000070e900000, 0x000000070e900000, 0x000000070ea00000|  0%| F|  |TAMS 0x000000070e900000, 0x000000070e900000| Untracked 
| 234|0x000000070ea00000, 0x000000070ea00000, 0x000000070eb00000|  0%| F|  |TAMS 0x000000070ea00000, 0x000000070ea00000| Untracked 
| 235|0x000000070eb00000, 0x000000070eb00000, 0x000000070ec00000|  0%| F|  |TAMS 0x000000070eb00000, 0x000000070eb00000| Untracked 
| 236|0x000000070ec00000, 0x000000070ec00000, 0x000000070ed00000|  0%| F|  |TAMS 0x000000070ec00000, 0x000000070ec00000| Untracked 
| 237|0x000000070ed00000, 0x000000070ed00000, 0x000000070ee00000|  0%| F|  |TAMS 0x000000070ed00000, 0x000000070ed00000| Untracked 
| 238|0x000000070ee00000, 0x000000070ee00000, 0x000000070ef00000|  0%| F|  |TAMS 0x000000070ee00000, 0x000000070ee00000| Untracked 
| 239|0x000000070ef00000, 0x000000070ef00000, 0x000000070f000000|  0%| F|  |TAMS 0x000000070ef00000, 0x000000070ef00000| Untracked 
| 240|0x000000070f000000, 0x000000070f000000, 0x000000070f100000|  0%| F|  |TAMS 0x000000070f000000, 0x000000070f000000| Untracked 
| 241|0x000000070f100000, 0x000000070f100000, 0x000000070f200000|  0%| F|  |TAMS 0x000000070f100000, 0x000000070f100000| Untracked 
| 242|0x000000070f200000, 0x000000070f200000, 0x000000070f300000|  0%| F|  |TAMS 0x000000070f200000, 0x000000070f200000| Untracked 
| 243|0x000000070f300000, 0x000000070f300000, 0x000000070f400000|  0%| F|  |TAMS 0x000000070f300000, 0x000000070f300000| Untracked 
| 244|0x000000070f400000, 0x000000070f400000, 0x000000070f500000|  0%| F|  |TAMS 0x000000070f400000, 0x000000070f400000| Untracked 
| 245|0x000000070f500000, 0x000000070f500000, 0x000000070f600000|  0%| F|  |TAMS 0x000000070f500000, 0x000000070f500000| Untracked 
| 246|0x000000070f600000, 0x000000070f600000, 0x000000070f700000|  0%| F|  |TAMS 0x000000070f600000, 0x000000070f600000| Untracked 
| 247|0x000000070f700000, 0x000000070f700000, 0x000000070f800000|  0%| F|  |TAMS 0x000000070f700000, 0x000000070f700000| Untracked 
| 248|0x000000070f800000, 0x000000070f800000, 0x000000070f900000|  0%| F|  |TAMS 0x000000070f800000, 0x000000070f800000| Untracked 
| 249|0x000000070f900000, 0x000000070f900000, 0x000000070fa00000|  0%| F|  |TAMS 0x000000070f900000, 0x000000070f900000| Untracked 
| 250|0x000000070fa00000, 0x000000070fa00000, 0x000000070fb00000|  0%| F|  |TAMS 0x000000070fa00000, 0x000000070fa00000| Untracked 
| 251|0x000000070fb00000, 0x000000070fb00000, 0x000000070fc00000|  0%| F|  |TAMS 0x000000070fb00000, 0x000000070fb00000| Untracked 
| 252|0x000000070fc00000, 0x000000070fc00000, 0x000000070fd00000|  0%| F|  |TAMS 0x000000070fc00000, 0x000000070fc00000| Untracked 
| 253|0x000000070fd00000, 0x000000070fd00000, 0x000000070fe00000|  0%| F|  |TAMS 0x000000070fd00000, 0x000000070fd00000| Untracked 
| 254|0x000000070fe00000, 0x000000070fe00000, 0x000000070ff00000|  0%| F|  |TAMS 0x000000070fe00000, 0x000000070fe00000| Untracked 
| 255|0x000000070ff00000, 0x000000070ff00000, 0x0000000710000000|  0%| F|  |TAMS 0x000000070ff00000, 0x000000070ff00000| Untracked 
| 256|0x0000000710000000, 0x0000000710000000, 0x0000000710100000|  0%| F|  |TAMS 0x0000000710000000, 0x0000000710000000| Untracked 
| 257|0x0000000710100000, 0x0000000710100000, 0x0000000710200000|  0%| F|  |TAMS 0x0000000710100000, 0x0000000710100000| Untracked 
| 258|0x0000000710200000, 0x0000000710200000, 0x0000000710300000|  0%| F|  |TAMS 0x0000000710200000, 0x0000000710200000| Untracked 
| 259|0x0000000710300000, 0x0000000710300000, 0x0000000710400000|  0%| F|  |TAMS 0x0000000710300000, 0x0000000710300000| Untracked 
| 260|0x0000000710400000, 0x0000000710400000, 0x0000000710500000|  0%| F|  |TAMS 0x0000000710400000, 0x0000000710400000| Untracked 
| 261|0x0000000710500000, 0x0000000710500000, 0x0000000710600000|  0%| F|  |TAMS 0x0000000710500000, 0x0000000710500000| Untracked 
| 262|0x0000000710600000, 0x0000000710600000, 0x0000000710700000|  0%| F|  |TAMS 0x0000000710600000, 0x0000000710600000| Untracked 
| 263|0x0000000710700000, 0x0000000710700000, 0x0000000710800000|  0%| F|  |TAMS 0x0000000710700000, 0x0000000710700000| Untracked 
| 264|0x0000000710800000, 0x0000000710800000, 0x0000000710900000|  0%| F|  |TAMS 0x0000000710800000, 0x0000000710800000| Untracked 
| 265|0x0000000710900000, 0x0000000710900000, 0x0000000710a00000|  0%| F|  |TAMS 0x0000000710900000, 0x0000000710900000| Untracked 
| 266|0x0000000710a00000, 0x0000000710a00000, 0x0000000710b00000|  0%| F|  |TAMS 0x0000000710a00000, 0x0000000710a00000| Untracked 
| 267|0x0000000710b00000, 0x0000000710b00000, 0x0000000710c00000|  0%| F|  |TAMS 0x0000000710b00000, 0x0000000710b00000| Untracked 
| 268|0x0000000710c00000, 0x0000000710c00000, 0x0000000710d00000|  0%| F|  |TAMS 0x0000000710c00000, 0x0000000710c00000| Untracked 
| 269|0x0000000710d00000, 0x0000000710d00000, 0x0000000710e00000|  0%| F|  |TAMS 0x0000000710d00000, 0x0000000710d00000| Untracked 
| 270|0x0000000710e00000, 0x0000000710e00000, 0x0000000710f00000|  0%| F|  |TAMS 0x0000000710e00000, 0x0000000710e00000| Untracked 
| 271|0x0000000710f00000, 0x0000000710f00000, 0x0000000711000000|  0%| F|  |TAMS 0x0000000710f00000, 0x0000000710f00000| Untracked 
| 272|0x0000000711000000, 0x0000000711000000, 0x0000000711100000|  0%| F|  |TAMS 0x0000000711000000, 0x0000000711000000| Untracked 
| 273|0x0000000711100000, 0x0000000711100000, 0x0000000711200000|  0%| F|  |TAMS 0x0000000711100000, 0x0000000711100000| Untracked 
| 274|0x0000000711200000, 0x0000000711200000, 0x0000000711300000|  0%| F|  |TAMS 0x0000000711200000, 0x0000000711200000| Untracked 
| 275|0x0000000711300000, 0x0000000711300000, 0x0000000711400000|  0%| F|  |TAMS 0x0000000711300000, 0x0000000711300000| Untracked 
| 276|0x0000000711400000, 0x00000007114847b8, 0x0000000711500000| 51%| S|CS|TAMS 0x0000000711400000, 0x0000000711400000| Complete 
| 277|0x0000000711500000, 0x0000000711600000, 0x0000000711600000|100%| S|CS|TAMS 0x0000000711500000, 0x0000000711500000| Complete 
| 278|0x0000000711600000, 0x0000000711700000, 0x0000000711700000|100%| S|CS|TAMS 0x0000000711600000, 0x0000000711600000| Complete 
| 279|0x0000000711700000, 0x0000000711800000, 0x0000000711800000|100%| S|CS|TAMS 0x0000000711700000, 0x0000000711700000| Complete 
| 280|0x0000000711800000, 0x0000000711900000, 0x0000000711900000|100%| S|CS|TAMS 0x0000000711800000, 0x0000000711800000| Complete 
| 281|0x0000000711900000, 0x0000000711a00000, 0x0000000711a00000|100%| S|CS|TAMS 0x0000000711900000, 0x0000000711900000| Complete 
| 282|0x0000000711a00000, 0x0000000711b00000, 0x0000000711b00000|100%| S|CS|TAMS 0x0000000711a00000, 0x0000000711a00000| Complete 
| 283|0x0000000711b00000, 0x0000000711c00000, 0x0000000711c00000|100%| S|CS|TAMS 0x0000000711b00000, 0x0000000711b00000| Complete 
| 284|0x0000000711c00000, 0x0000000711d00000, 0x0000000711d00000|100%| S|CS|TAMS 0x0000000711c00000, 0x0000000711c00000| Complete 
| 285|0x0000000711d00000, 0x0000000711e00000, 0x0000000711e00000|100%| S|CS|TAMS 0x0000000711d00000, 0x0000000711d00000| Complete 
| 286|0x0000000711e00000, 0x0000000711f00000, 0x0000000711f00000|100%| S|CS|TAMS 0x0000000711e00000, 0x0000000711e00000| Complete 
| 287|0x0000000711f00000, 0x0000000712000000, 0x0000000712000000|100%| S|CS|TAMS 0x0000000711f00000, 0x0000000711f00000| Complete 
| 288|0x0000000712000000, 0x0000000712100000, 0x0000000712100000|100%| S|CS|TAMS 0x0000000712000000, 0x0000000712000000| Complete 
| 289|0x0000000712100000, 0x0000000712200000, 0x0000000712200000|100%| S|CS|TAMS 0x0000000712100000, 0x0000000712100000| Complete 
| 290|0x0000000712200000, 0x0000000712300000, 0x0000000712300000|100%| S|CS|TAMS 0x0000000712200000, 0x0000000712200000| Complete 
| 291|0x0000000712300000, 0x0000000712400000, 0x0000000712400000|100%| S|CS|TAMS 0x0000000712300000, 0x0000000712300000| Complete 
| 292|0x0000000712400000, 0x0000000712500000, 0x0000000712500000|100%| S|CS|TAMS 0x0000000712400000, 0x0000000712400000| Complete 
| 293|0x0000000712500000, 0x0000000712600000, 0x0000000712600000|100%| S|CS|TAMS 0x0000000712500000, 0x0000000712500000| Complete 
| 294|0x0000000712600000, 0x0000000712700000, 0x0000000712700000|100%| S|CS|TAMS 0x0000000712600000, 0x0000000712600000| Complete 
| 295|0x0000000712700000, 0x0000000712800000, 0x0000000712800000|100%| S|CS|TAMS 0x0000000712700000, 0x0000000712700000| Complete 
| 296|0x0000000712800000, 0x0000000712900000, 0x0000000712900000|100%| S|CS|TAMS 0x0000000712800000, 0x0000000712800000| Complete 
| 297|0x0000000712900000, 0x0000000712a00000, 0x0000000712a00000|100%| S|CS|TAMS 0x0000000712900000, 0x0000000712900000| Complete 
| 298|0x0000000712a00000, 0x0000000712a00000, 0x0000000712b00000|  0%| F|  |TAMS 0x0000000712a00000, 0x0000000712a00000| Untracked 
| 299|0x0000000712b00000, 0x0000000712b00000, 0x0000000712c00000|  0%| F|  |TAMS 0x0000000712b00000, 0x0000000712b00000| Untracked 
| 300|0x0000000712c00000, 0x0000000712c00000, 0x0000000712d00000|  0%| F|  |TAMS 0x0000000712c00000, 0x0000000712c00000| Untracked 
| 301|0x0000000712d00000, 0x0000000712d00000, 0x0000000712e00000|  0%| F|  |TAMS 0x0000000712d00000, 0x0000000712d00000| Untracked 
| 302|0x0000000712e00000, 0x0000000712e00000, 0x0000000712f00000|  0%| F|  |TAMS 0x0000000712e00000, 0x0000000712e00000| Untracked 
| 303|0x0000000712f00000, 0x0000000712f00000, 0x0000000713000000|  0%| F|  |TAMS 0x0000000712f00000, 0x0000000712f00000| Untracked 
| 304|0x0000000713000000, 0x0000000713000000, 0x0000000713100000|  0%| F|  |TAMS 0x0000000713000000, 0x0000000713000000| Untracked 
| 305|0x0000000713100000, 0x0000000713100000, 0x0000000713200000|  0%| F|  |TAMS 0x0000000713100000, 0x0000000713100000| Untracked 
| 306|0x0000000713200000, 0x0000000713200000, 0x0000000713300000|  0%| F|  |TAMS 0x0000000713200000, 0x0000000713200000| Untracked 
| 307|0x0000000713300000, 0x0000000713300000, 0x0000000713400000|  0%| F|  |TAMS 0x0000000713300000, 0x0000000713300000| Untracked 
| 308|0x0000000713400000, 0x0000000713400000, 0x0000000713500000|  0%| F|  |TAMS 0x0000000713400000, 0x0000000713400000| Untracked 
| 309|0x0000000713500000, 0x0000000713500000, 0x0000000713600000|  0%| F|  |TAMS 0x0000000713500000, 0x0000000713500000| Untracked 
| 310|0x0000000713600000, 0x0000000713600000, 0x0000000713700000|  0%| F|  |TAMS 0x0000000713600000, 0x0000000713600000| Untracked 
| 311|0x0000000713700000, 0x0000000713700000, 0x0000000713800000|  0%| F|  |TAMS 0x0000000713700000, 0x0000000713700000| Untracked 
| 312|0x0000000713800000, 0x0000000713800000, 0x0000000713900000|  0%| F|  |TAMS 0x0000000713800000, 0x0000000713800000| Untracked 
| 313|0x0000000713900000, 0x0000000713900000, 0x0000000713a00000|  0%| F|  |TAMS 0x0000000713900000, 0x0000000713900000| Untracked 
| 314|0x0000000713a00000, 0x0000000713a00000, 0x0000000713b00000|  0%| F|  |TAMS 0x0000000713a00000, 0x0000000713a00000| Untracked 
| 315|0x0000000713b00000, 0x0000000713b00000, 0x0000000713c00000|  0%| F|  |TAMS 0x0000000713b00000, 0x0000000713b00000| Untracked 
| 316|0x0000000713c00000, 0x0000000713c00000, 0x0000000713d00000|  0%| F|  |TAMS 0x0000000713c00000, 0x0000000713c00000| Untracked 
| 317|0x0000000713d00000, 0x0000000713d00000, 0x0000000713e00000|  0%| F|  |TAMS 0x0000000713d00000, 0x0000000713d00000| Untracked 
| 318|0x0000000713e00000, 0x0000000713e00000, 0x0000000713f00000|  0%| F|  |TAMS 0x0000000713e00000, 0x0000000713e00000| Untracked 
| 319|0x0000000713f00000, 0x0000000713f00000, 0x0000000714000000|  0%| F|  |TAMS 0x0000000713f00000, 0x0000000713f00000| Untracked 
| 320|0x0000000714000000, 0x0000000714000000, 0x0000000714100000|  0%| F|  |TAMS 0x0000000714000000, 0x0000000714000000| Untracked 
| 321|0x0000000714100000, 0x0000000714100000, 0x0000000714200000|  0%| F|  |TAMS 0x0000000714100000, 0x0000000714100000| Untracked 
| 322|0x0000000714200000, 0x0000000714200000, 0x0000000714300000|  0%| F|  |TAMS 0x0000000714200000, 0x0000000714200000| Untracked 
| 323|0x0000000714300000, 0x0000000714300000, 0x0000000714400000|  0%| F|  |TAMS 0x0000000714300000, 0x0000000714300000| Untracked 
| 324|0x0000000714400000, 0x0000000714400000, 0x0000000714500000|  0%| F|  |TAMS 0x0000000714400000, 0x0000000714400000| Untracked 
| 325|0x0000000714500000, 0x0000000714500000, 0x0000000714600000|  0%| F|  |TAMS 0x0000000714500000, 0x0000000714500000| Untracked 
| 326|0x0000000714600000, 0x0000000714600000, 0x0000000714700000|  0%| F|  |TAMS 0x0000000714600000, 0x0000000714600000| Untracked 
| 327|0x0000000714700000, 0x0000000714700000, 0x0000000714800000|  0%| F|  |TAMS 0x0000000714700000, 0x0000000714700000| Untracked 
| 328|0x0000000714800000, 0x0000000714800000, 0x0000000714900000|  0%| F|  |TAMS 0x0000000714800000, 0x0000000714800000| Untracked 
| 329|0x0000000714900000, 0x0000000714900000, 0x0000000714a00000|  0%| F|  |TAMS 0x0000000714900000, 0x0000000714900000| Untracked 
| 330|0x0000000714a00000, 0x0000000714a00000, 0x0000000714b00000|  0%| F|  |TAMS 0x0000000714a00000, 0x0000000714a00000| Untracked 
| 331|0x0000000714b00000, 0x0000000714b00000, 0x0000000714c00000|  0%| F|  |TAMS 0x0000000714b00000, 0x0000000714b00000| Untracked 
| 332|0x0000000714c00000, 0x0000000714c00000, 0x0000000714d00000|  0%| F|  |TAMS 0x0000000714c00000, 0x0000000714c00000| Untracked 
| 333|0x0000000714d00000, 0x0000000714d00000, 0x0000000714e00000|  0%| F|  |TAMS 0x0000000714d00000, 0x0000000714d00000| Untracked 
| 334|0x0000000714e00000, 0x0000000714e00000, 0x0000000714f00000|  0%| F|  |TAMS 0x0000000714e00000, 0x0000000714e00000| Untracked 
| 335|0x0000000714f00000, 0x0000000714f00000, 0x0000000715000000|  0%| F|  |TAMS 0x0000000714f00000, 0x0000000714f00000| Untracked 
| 336|0x0000000715000000, 0x0000000715000000, 0x0000000715100000|  0%| F|  |TAMS 0x0000000715000000, 0x0000000715000000| Untracked 
| 337|0x0000000715100000, 0x0000000715100000, 0x0000000715200000|  0%| F|  |TAMS 0x0000000715100000, 0x0000000715100000| Untracked 
| 338|0x0000000715200000, 0x0000000715200000, 0x0000000715300000|  0%| F|  |TAMS 0x0000000715200000, 0x0000000715200000| Untracked 
| 339|0x0000000715300000, 0x0000000715300000, 0x0000000715400000|  0%| F|  |TAMS 0x0000000715300000, 0x0000000715300000| Untracked 
| 340|0x0000000715400000, 0x0000000715400000, 0x0000000715500000|  0%| F|  |TAMS 0x0000000715400000, 0x0000000715400000| Untracked 
| 341|0x0000000715500000, 0x0000000715500000, 0x0000000715600000|  0%| F|  |TAMS 0x0000000715500000, 0x0000000715500000| Untracked 
| 342|0x0000000715600000, 0x0000000715600000, 0x0000000715700000|  0%| F|  |TAMS 0x0000000715600000, 0x0000000715600000| Untracked 
| 343|0x0000000715700000, 0x0000000715700000, 0x0000000715800000|  0%| F|  |TAMS 0x0000000715700000, 0x0000000715700000| Untracked 
| 344|0x0000000715800000, 0x0000000715800000, 0x0000000715900000|  0%| F|  |TAMS 0x0000000715800000, 0x0000000715800000| Untracked 
| 345|0x0000000715900000, 0x0000000715900000, 0x0000000715a00000|  0%| F|  |TAMS 0x0000000715900000, 0x0000000715900000| Untracked 
| 346|0x0000000715a00000, 0x0000000715a00000, 0x0000000715b00000|  0%| F|  |TAMS 0x0000000715a00000, 0x0000000715a00000| Untracked 
| 347|0x0000000715b00000, 0x0000000715b00000, 0x0000000715c00000|  0%| F|  |TAMS 0x0000000715b00000, 0x0000000715b00000| Untracked 
| 348|0x0000000715c00000, 0x0000000715c00000, 0x0000000715d00000|  0%| F|  |TAMS 0x0000000715c00000, 0x0000000715c00000| Untracked 
| 349|0x0000000715d00000, 0x0000000715d00000, 0x0000000715e00000|  0%| F|  |TAMS 0x0000000715d00000, 0x0000000715d00000| Untracked 
| 350|0x0000000715e00000, 0x0000000715e00000, 0x0000000715f00000|  0%| F|  |TAMS 0x0000000715e00000, 0x0000000715e00000| Untracked 
| 351|0x0000000715f00000, 0x0000000715f00000, 0x0000000716000000|  0%| F|  |TAMS 0x0000000715f00000, 0x0000000715f00000| Untracked 
| 352|0x0000000716000000, 0x0000000716000000, 0x0000000716100000|  0%| F|  |TAMS 0x0000000716000000, 0x0000000716000000| Untracked 
| 353|0x0000000716100000, 0x0000000716100000, 0x0000000716200000|  0%| F|  |TAMS 0x0000000716100000, 0x0000000716100000| Untracked 
| 354|0x0000000716200000, 0x0000000716200000, 0x0000000716300000|  0%| F|  |TAMS 0x0000000716200000, 0x0000000716200000| Untracked 
| 355|0x0000000716300000, 0x0000000716300000, 0x0000000716400000|  0%| F|  |TAMS 0x0000000716300000, 0x0000000716300000| Untracked 
| 356|0x0000000716400000, 0x0000000716400000, 0x0000000716500000|  0%| F|  |TAMS 0x0000000716400000, 0x0000000716400000| Untracked 
| 357|0x0000000716500000, 0x0000000716500000, 0x0000000716600000|  0%| F|  |TAMS 0x0000000716500000, 0x0000000716500000| Untracked 
| 358|0x0000000716600000, 0x0000000716600000, 0x0000000716700000|  0%| F|  |TAMS 0x0000000716600000, 0x0000000716600000| Untracked 
| 359|0x0000000716700000, 0x0000000716700000, 0x0000000716800000|  0%| F|  |TAMS 0x0000000716700000, 0x0000000716700000| Untracked 
| 360|0x0000000716800000, 0x0000000716800000, 0x0000000716900000|  0%| F|  |TAMS 0x0000000716800000, 0x0000000716800000| Untracked 
| 361|0x0000000716900000, 0x0000000716900000, 0x0000000716a00000|  0%| F|  |TAMS 0x0000000716900000, 0x0000000716900000| Untracked 
| 362|0x0000000716a00000, 0x0000000716a00000, 0x0000000716b00000|  0%| F|  |TAMS 0x0000000716a00000, 0x0000000716a00000| Untracked 
| 363|0x0000000716b00000, 0x0000000716b00000, 0x0000000716c00000|  0%| F|  |TAMS 0x0000000716b00000, 0x0000000716b00000| Untracked 
| 364|0x0000000716c00000, 0x0000000716c00000, 0x0000000716d00000|  0%| F|  |TAMS 0x0000000716c00000, 0x0000000716c00000| Untracked 
| 365|0x0000000716d00000, 0x0000000716d00000, 0x0000000716e00000|  0%| F|  |TAMS 0x0000000716d00000, 0x0000000716d00000| Untracked 
| 366|0x0000000716e00000, 0x0000000716e00000, 0x0000000716f00000|  0%| F|  |TAMS 0x0000000716e00000, 0x0000000716e00000| Untracked 
| 367|0x0000000716f00000, 0x0000000716f00000, 0x0000000717000000|  0%| F|  |TAMS 0x0000000716f00000, 0x0000000716f00000| Untracked 
| 368|0x0000000717000000, 0x0000000717000000, 0x0000000717100000|  0%| F|  |TAMS 0x0000000717000000, 0x0000000717000000| Untracked 
| 369|0x0000000717100000, 0x0000000717100000, 0x0000000717200000|  0%| F|  |TAMS 0x0000000717100000, 0x0000000717100000| Untracked 
| 370|0x0000000717200000, 0x0000000717200000, 0x0000000717300000|  0%| F|  |TAMS 0x0000000717200000, 0x0000000717200000| Untracked 
| 371|0x0000000717300000, 0x0000000717300000, 0x0000000717400000|  0%| F|  |TAMS 0x0000000717300000, 0x0000000717300000| Untracked 
| 372|0x0000000717400000, 0x0000000717400000, 0x0000000717500000|  0%| F|  |TAMS 0x0000000717400000, 0x0000000717400000| Untracked 
| 373|0x0000000717500000, 0x0000000717500000, 0x0000000717600000|  0%| F|  |TAMS 0x0000000717500000, 0x0000000717500000| Untracked 
| 374|0x0000000717600000, 0x0000000717600000, 0x0000000717700000|  0%| F|  |TAMS 0x0000000717600000, 0x0000000717600000| Untracked 
| 375|0x0000000717700000, 0x0000000717700000, 0x0000000717800000|  0%| F|  |TAMS 0x0000000717700000, 0x0000000717700000| Untracked 
| 376|0x0000000717800000, 0x0000000717800000, 0x0000000717900000|  0%| F|  |TAMS 0x0000000717800000, 0x0000000717800000| Untracked 
| 377|0x0000000717900000, 0x0000000717900000, 0x0000000717a00000|  0%| F|  |TAMS 0x0000000717900000, 0x0000000717900000| Untracked 
| 378|0x0000000717a00000, 0x0000000717a00000, 0x0000000717b00000|  0%| F|  |TAMS 0x0000000717a00000, 0x0000000717a00000| Untracked 
| 379|0x0000000717b00000, 0x0000000717b00000, 0x0000000717c00000|  0%| F|  |TAMS 0x0000000717b00000, 0x0000000717b00000| Untracked 
| 380|0x0000000717c00000, 0x0000000717c00000, 0x0000000717d00000|  0%| F|  |TAMS 0x0000000717c00000, 0x0000000717c00000| Untracked 
| 381|0x0000000717d00000, 0x0000000717d00000, 0x0000000717e00000|  0%| F|  |TAMS 0x0000000717d00000, 0x0000000717d00000| Untracked 
| 382|0x0000000717e00000, 0x0000000717e00000, 0x0000000717f00000|  0%| F|  |TAMS 0x0000000717e00000, 0x0000000717e00000| Untracked 
| 383|0x0000000717f00000, 0x0000000717f00000, 0x0000000718000000|  0%| F|  |TAMS 0x0000000717f00000, 0x0000000717f00000| Untracked 
| 384|0x0000000718000000, 0x0000000718000000, 0x0000000718100000|  0%| F|  |TAMS 0x0000000718000000, 0x0000000718000000| Untracked 
| 385|0x0000000718100000, 0x0000000718100000, 0x0000000718200000|  0%| F|  |TAMS 0x0000000718100000, 0x0000000718100000| Untracked 
| 386|0x0000000718200000, 0x0000000718200000, 0x0000000718300000|  0%| F|  |TAMS 0x0000000718200000, 0x0000000718200000| Untracked 
| 387|0x0000000718300000, 0x0000000718300000, 0x0000000718400000|  0%| F|  |TAMS 0x0000000718300000, 0x0000000718300000| Untracked 
| 388|0x0000000718400000, 0x0000000718400000, 0x0000000718500000|  0%| F|  |TAMS 0x0000000718400000, 0x0000000718400000| Untracked 
| 389|0x0000000718500000, 0x0000000718500000, 0x0000000718600000|  0%| F|  |TAMS 0x0000000718500000, 0x0000000718500000| Untracked 
| 390|0x0000000718600000, 0x0000000718600000, 0x0000000718700000|  0%| F|  |TAMS 0x0000000718600000, 0x0000000718600000| Untracked 
| 391|0x0000000718700000, 0x0000000718700000, 0x0000000718800000|  0%| F|  |TAMS 0x0000000718700000, 0x0000000718700000| Untracked 
| 392|0x0000000718800000, 0x0000000718800000, 0x0000000718900000|  0%| F|  |TAMS 0x0000000718800000, 0x0000000718800000| Untracked 
| 393|0x0000000718900000, 0x0000000718900000, 0x0000000718a00000|  0%| F|  |TAMS 0x0000000718900000, 0x0000000718900000| Untracked 
| 394|0x0000000718a00000, 0x0000000718a00000, 0x0000000718b00000|  0%| F|  |TAMS 0x0000000718a00000, 0x0000000718a00000| Untracked 
| 395|0x0000000718b00000, 0x0000000718b00000, 0x0000000718c00000|  0%| F|  |TAMS 0x0000000718b00000, 0x0000000718b00000| Untracked 
| 396|0x0000000718c00000, 0x0000000718c00000, 0x0000000718d00000|  0%| F|  |TAMS 0x0000000718c00000, 0x0000000718c00000| Untracked 
| 397|0x0000000718d00000, 0x0000000718d00000, 0x0000000718e00000|  0%| F|  |TAMS 0x0000000718d00000, 0x0000000718d00000| Untracked 
| 398|0x0000000718e00000, 0x0000000718e00000, 0x0000000718f00000|  0%| F|  |TAMS 0x0000000718e00000, 0x0000000718e00000| Untracked 
| 399|0x0000000718f00000, 0x0000000718f00000, 0x0000000719000000|  0%| F|  |TAMS 0x0000000718f00000, 0x0000000718f00000| Untracked 
| 400|0x0000000719000000, 0x0000000719000000, 0x0000000719100000|  0%| F|  |TAMS 0x0000000719000000, 0x0000000719000000| Untracked 
| 401|0x0000000719100000, 0x0000000719100000, 0x0000000719200000|  0%| F|  |TAMS 0x0000000719100000, 0x0000000719100000| Untracked 
| 402|0x0000000719200000, 0x0000000719200000, 0x0000000719300000|  0%| F|  |TAMS 0x0000000719200000, 0x0000000719200000| Untracked 
| 403|0x0000000719300000, 0x0000000719300000, 0x0000000719400000|  0%| F|  |TAMS 0x0000000719300000, 0x0000000719300000| Untracked 
| 404|0x0000000719400000, 0x0000000719400000, 0x0000000719500000|  0%| F|  |TAMS 0x0000000719400000, 0x0000000719400000| Untracked 
| 405|0x0000000719500000, 0x0000000719500000, 0x0000000719600000|  0%| F|  |TAMS 0x0000000719500000, 0x0000000719500000| Untracked 
| 406|0x0000000719600000, 0x0000000719600000, 0x0000000719700000|  0%| F|  |TAMS 0x0000000719600000, 0x0000000719600000| Untracked 
| 407|0x0000000719700000, 0x0000000719700000, 0x0000000719800000|  0%| F|  |TAMS 0x0000000719700000, 0x0000000719700000| Untracked 
| 408|0x0000000719800000, 0x0000000719800000, 0x0000000719900000|  0%| F|  |TAMS 0x0000000719800000, 0x0000000719800000| Untracked 
| 409|0x0000000719900000, 0x0000000719900000, 0x0000000719a00000|  0%| F|  |TAMS 0x0000000719900000, 0x0000000719900000| Untracked 
| 410|0x0000000719a00000, 0x0000000719a00000, 0x0000000719b00000|  0%| F|  |TAMS 0x0000000719a00000, 0x0000000719a00000| Untracked 
| 411|0x0000000719b00000, 0x0000000719b00000, 0x0000000719c00000|  0%| F|  |TAMS 0x0000000719b00000, 0x0000000719b00000| Untracked 
| 412|0x0000000719c00000, 0x0000000719c00000, 0x0000000719d00000|  0%| F|  |TAMS 0x0000000719c00000, 0x0000000719c00000| Untracked 
| 413|0x0000000719d00000, 0x0000000719d00000, 0x0000000719e00000|  0%| F|  |TAMS 0x0000000719d00000, 0x0000000719d00000| Untracked 
| 414|0x0000000719e00000, 0x0000000719e00000, 0x0000000719f00000|  0%| F|  |TAMS 0x0000000719e00000, 0x0000000719e00000| Untracked 
| 415|0x0000000719f00000, 0x0000000719f00000, 0x000000071a000000|  0%| F|  |TAMS 0x0000000719f00000, 0x0000000719f00000| Untracked 
| 416|0x000000071a000000, 0x000000071a000000, 0x000000071a100000|  0%| F|  |TAMS 0x000000071a000000, 0x000000071a000000| Untracked 
| 417|0x000000071a100000, 0x000000071a100000, 0x000000071a200000|  0%| F|  |TAMS 0x000000071a100000, 0x000000071a100000| Untracked 
| 418|0x000000071a200000, 0x000000071a200000, 0x000000071a300000|  0%| F|  |TAMS 0x000000071a200000, 0x000000071a200000| Untracked 
| 419|0x000000071a300000, 0x000000071a300000, 0x000000071a400000|  0%| F|  |TAMS 0x000000071a300000, 0x000000071a300000| Untracked 
| 420|0x000000071a400000, 0x000000071a400000, 0x000000071a500000|  0%| F|  |TAMS 0x000000071a400000, 0x000000071a400000| Untracked 
| 421|0x000000071a500000, 0x000000071a500000, 0x000000071a600000|  0%| F|  |TAMS 0x000000071a500000, 0x000000071a500000| Untracked 
| 422|0x000000071a600000, 0x000000071a600000, 0x000000071a700000|  0%| F|  |TAMS 0x000000071a600000, 0x000000071a600000| Untracked 
| 423|0x000000071a700000, 0x000000071a700000, 0x000000071a800000|  0%| F|  |TAMS 0x000000071a700000, 0x000000071a700000| Untracked 
| 424|0x000000071a800000, 0x000000071a800000, 0x000000071a900000|  0%| F|  |TAMS 0x000000071a800000, 0x000000071a800000| Untracked 
| 425|0x000000071a900000, 0x000000071a900000, 0x000000071aa00000|  0%| F|  |TAMS 0x000000071a900000, 0x000000071a900000| Untracked 
| 426|0x000000071aa00000, 0x000000071aa00000, 0x000000071ab00000|  0%| F|  |TAMS 0x000000071aa00000, 0x000000071aa00000| Untracked 
| 427|0x000000071ab00000, 0x000000071ab00000, 0x000000071ac00000|  0%| F|  |TAMS 0x000000071ab00000, 0x000000071ab00000| Untracked 
| 428|0x000000071ac00000, 0x000000071ac00000, 0x000000071ad00000|  0%| F|  |TAMS 0x000000071ac00000, 0x000000071ac00000| Untracked 
| 429|0x000000071ad00000, 0x000000071ad00000, 0x000000071ae00000|  0%| F|  |TAMS 0x000000071ad00000, 0x000000071ad00000| Untracked 
| 430|0x000000071ae00000, 0x000000071ae00000, 0x000000071af00000|  0%| F|  |TAMS 0x000000071ae00000, 0x000000071ae00000| Untracked 
| 431|0x000000071af00000, 0x000000071af00000, 0x000000071b000000|  0%| F|  |TAMS 0x000000071af00000, 0x000000071af00000| Untracked 
| 432|0x000000071b000000, 0x000000071b000000, 0x000000071b100000|  0%| F|  |TAMS 0x000000071b000000, 0x000000071b000000| Untracked 
| 433|0x000000071b100000, 0x000000071b100000, 0x000000071b200000|  0%| F|  |TAMS 0x000000071b100000, 0x000000071b100000| Untracked 
| 434|0x000000071b200000, 0x000000071b200000, 0x000000071b300000|  0%| F|  |TAMS 0x000000071b200000, 0x000000071b200000| Untracked 
| 435|0x000000071b300000, 0x000000071b300000, 0x000000071b400000|  0%| F|  |TAMS 0x000000071b300000, 0x000000071b300000| Untracked 
| 436|0x000000071b400000, 0x000000071b400000, 0x000000071b500000|  0%| F|  |TAMS 0x000000071b400000, 0x000000071b400000| Untracked 
| 437|0x000000071b500000, 0x000000071b500000, 0x000000071b600000|  0%| F|  |TAMS 0x000000071b500000, 0x000000071b500000| Untracked 
| 438|0x000000071b600000, 0x000000071b600000, 0x000000071b700000|  0%| F|  |TAMS 0x000000071b600000, 0x000000071b600000| Untracked 
| 439|0x000000071b700000, 0x000000071b700000, 0x000000071b800000|  0%| F|  |TAMS 0x000000071b700000, 0x000000071b700000| Untracked 
| 440|0x000000071b800000, 0x000000071b800000, 0x000000071b900000|  0%| F|  |TAMS 0x000000071b800000, 0x000000071b800000| Untracked 
| 441|0x000000071b900000, 0x000000071b900000, 0x000000071ba00000|  0%| F|  |TAMS 0x000000071b900000, 0x000000071b900000| Untracked 
| 442|0x000000071ba00000, 0x000000071ba00000, 0x000000071bb00000|  0%| F|  |TAMS 0x000000071ba00000, 0x000000071ba00000| Untracked 
| 443|0x000000071bb00000, 0x000000071bb00000, 0x000000071bc00000|  0%| F|  |TAMS 0x000000071bb00000, 0x000000071bb00000| Untracked 
| 444|0x000000071bc00000, 0x000000071bc00000, 0x000000071bd00000|  0%| F|  |TAMS 0x000000071bc00000, 0x000000071bc00000| Untracked 
| 445|0x000000071bd00000, 0x000000071bd00000, 0x000000071be00000|  0%| F|  |TAMS 0x000000071bd00000, 0x000000071bd00000| Untracked 
| 446|0x000000071be00000, 0x000000071be00000, 0x000000071bf00000|  0%| F|  |TAMS 0x000000071be00000, 0x000000071be00000| Untracked 
| 447|0x000000071bf00000, 0x000000071bf00000, 0x000000071c000000|  0%| F|  |TAMS 0x000000071bf00000, 0x000000071bf00000| Untracked 
| 448|0x000000071c000000, 0x000000071c000000, 0x000000071c100000|  0%| F|  |TAMS 0x000000071c000000, 0x000000071c000000| Untracked 
| 449|0x000000071c100000, 0x000000071c100000, 0x000000071c200000|  0%| F|  |TAMS 0x000000071c100000, 0x000000071c100000| Untracked 
| 450|0x000000071c200000, 0x000000071c200000, 0x000000071c300000|  0%| F|  |TAMS 0x000000071c200000, 0x000000071c200000| Untracked 
| 451|0x000000071c300000, 0x000000071c300000, 0x000000071c400000|  0%| F|  |TAMS 0x000000071c300000, 0x000000071c300000| Untracked 
| 452|0x000000071c400000, 0x000000071c400000, 0x000000071c500000|  0%| F|  |TAMS 0x000000071c400000, 0x000000071c400000| Untracked 
| 453|0x000000071c500000, 0x000000071c500000, 0x000000071c600000|  0%| F|  |TAMS 0x000000071c500000, 0x000000071c500000| Untracked 
| 454|0x000000071c600000, 0x000000071c600000, 0x000000071c700000|  0%| F|  |TAMS 0x000000071c600000, 0x000000071c600000| Untracked 
| 455|0x000000071c700000, 0x000000071c700000, 0x000000071c800000|  0%| F|  |TAMS 0x000000071c700000, 0x000000071c700000| Untracked 
| 456|0x000000071c800000, 0x000000071c800000, 0x000000071c900000|  0%| F|  |TAMS 0x000000071c800000, 0x000000071c800000| Untracked 
| 457|0x000000071c900000, 0x000000071c900000, 0x000000071ca00000|  0%| F|  |TAMS 0x000000071c900000, 0x000000071c900000| Untracked 
| 458|0x000000071ca00000, 0x000000071ca00000, 0x000000071cb00000|  0%| F|  |TAMS 0x000000071ca00000, 0x000000071ca00000| Untracked 
| 459|0x000000071cb00000, 0x000000071cb00000, 0x000000071cc00000|  0%| F|  |TAMS 0x000000071cb00000, 0x000000071cb00000| Untracked 
| 460|0x000000071cc00000, 0x000000071cc00000, 0x000000071cd00000|  0%| F|  |TAMS 0x000000071cc00000, 0x000000071cc00000| Untracked 
| 461|0x000000071cd00000, 0x000000071cd00000, 0x000000071ce00000|  0%| F|  |TAMS 0x000000071cd00000, 0x000000071cd00000| Untracked 
| 462|0x000000071ce00000, 0x000000071ce00000, 0x000000071cf00000|  0%| F|  |TAMS 0x000000071ce00000, 0x000000071ce00000| Untracked 
| 463|0x000000071cf00000, 0x000000071cf00000, 0x000000071d000000|  0%| F|  |TAMS 0x000000071cf00000, 0x000000071cf00000| Untracked 
| 464|0x000000071d000000, 0x000000071d000000, 0x000000071d100000|  0%| F|  |TAMS 0x000000071d000000, 0x000000071d000000| Untracked 
| 465|0x000000071d100000, 0x000000071d100000, 0x000000071d200000|  0%| F|  |TAMS 0x000000071d100000, 0x000000071d100000| Untracked 
| 466|0x000000071d200000, 0x000000071d200000, 0x000000071d300000|  0%| F|  |TAMS 0x000000071d200000, 0x000000071d200000| Untracked 
| 467|0x000000071d300000, 0x000000071d300000, 0x000000071d400000|  0%| F|  |TAMS 0x000000071d300000, 0x000000071d300000| Untracked 
| 468|0x000000071d400000, 0x000000071d400000, 0x000000071d500000|  0%| F|  |TAMS 0x000000071d400000, 0x000000071d400000| Untracked 
| 469|0x000000071d500000, 0x000000071d500000, 0x000000071d600000|  0%| F|  |TAMS 0x000000071d500000, 0x000000071d500000| Untracked 
| 470|0x000000071d600000, 0x000000071d600000, 0x000000071d700000|  0%| F|  |TAMS 0x000000071d600000, 0x000000071d600000| Untracked 
| 471|0x000000071d700000, 0x000000071d700000, 0x000000071d800000|  0%| F|  |TAMS 0x000000071d700000, 0x000000071d700000| Untracked 
| 472|0x000000071d800000, 0x000000071d800000, 0x000000071d900000|  0%| F|  |TAMS 0x000000071d800000, 0x000000071d800000| Untracked 
| 473|0x000000071d900000, 0x000000071d900000, 0x000000071da00000|  0%| F|  |TAMS 0x000000071d900000, 0x000000071d900000| Untracked 
| 474|0x000000071da00000, 0x000000071da00000, 0x000000071db00000|  0%| F|  |TAMS 0x000000071da00000, 0x000000071da00000| Untracked 
| 475|0x000000071db00000, 0x000000071db00000, 0x000000071dc00000|  0%| F|  |TAMS 0x000000071db00000, 0x000000071db00000| Untracked 
| 476|0x000000071dc00000, 0x000000071dc00000, 0x000000071dd00000|  0%| F|  |TAMS 0x000000071dc00000, 0x000000071dc00000| Untracked 
| 477|0x000000071dd00000, 0x000000071dd00000, 0x000000071de00000|  0%| F|  |TAMS 0x000000071dd00000, 0x000000071dd00000| Untracked 
| 478|0x000000071de00000, 0x000000071de00000, 0x000000071df00000|  0%| F|  |TAMS 0x000000071de00000, 0x000000071de00000| Untracked 
| 479|0x000000071df00000, 0x000000071df00000, 0x000000071e000000|  0%| F|  |TAMS 0x000000071df00000, 0x000000071df00000| Untracked 
| 480|0x000000071e000000, 0x000000071e000000, 0x000000071e100000|  0%| F|  |TAMS 0x000000071e000000, 0x000000071e000000| Untracked 
| 481|0x000000071e100000, 0x000000071e100000, 0x000000071e200000|  0%| F|  |TAMS 0x000000071e100000, 0x000000071e100000| Untracked 
| 482|0x000000071e200000, 0x000000071e200000, 0x000000071e300000|  0%| F|  |TAMS 0x000000071e200000, 0x000000071e200000| Untracked 
| 483|0x000000071e300000, 0x000000071e300000, 0x000000071e400000|  0%| F|  |TAMS 0x000000071e300000, 0x000000071e300000| Untracked 
| 484|0x000000071e400000, 0x000000071e400000, 0x000000071e500000|  0%| F|  |TAMS 0x000000071e400000, 0x000000071e400000| Untracked 
| 485|0x000000071e500000, 0x000000071e500000, 0x000000071e600000|  0%| F|  |TAMS 0x000000071e500000, 0x000000071e500000| Untracked 
| 486|0x000000071e600000, 0x000000071e600000, 0x000000071e700000|  0%| F|  |TAMS 0x000000071e600000, 0x000000071e600000| Untracked 
| 487|0x000000071e700000, 0x000000071e700000, 0x000000071e800000|  0%| F|  |TAMS 0x000000071e700000, 0x000000071e700000| Untracked 
| 488|0x000000071e800000, 0x000000071e800000, 0x000000071e900000|  0%| F|  |TAMS 0x000000071e800000, 0x000000071e800000| Untracked 
| 489|0x000000071e900000, 0x000000071e900000, 0x000000071ea00000|  0%| F|  |TAMS 0x000000071e900000, 0x000000071e900000| Untracked 
| 490|0x000000071ea00000, 0x000000071ea00000, 0x000000071eb00000|  0%| F|  |TAMS 0x000000071ea00000, 0x000000071ea00000| Untracked 
| 491|0x000000071eb00000, 0x000000071eb00000, 0x000000071ec00000|  0%| F|  |TAMS 0x000000071eb00000, 0x000000071eb00000| Untracked 
| 492|0x000000071ec00000, 0x000000071ec00000, 0x000000071ed00000|  0%| F|  |TAMS 0x000000071ec00000, 0x000000071ec00000| Untracked 
| 493|0x000000071ed00000, 0x000000071ed00000, 0x000000071ee00000|  0%| F|  |TAMS 0x000000071ed00000, 0x000000071ed00000| Untracked 
| 494|0x000000071ee00000, 0x000000071ee2d638, 0x000000071ef00000| 17%| E|  |TAMS 0x000000071ee00000, 0x000000071ee00000| Complete 
| 495|0x000000071ef00000, 0x000000071f000000, 0x000000071f000000|100%| E|CS|TAMS 0x000000071ef00000, 0x000000071ef00000| Complete 
| 496|0x000000071f000000, 0x000000071f100000, 0x000000071f100000|100%| E|CS|TAMS 0x000000071f000000, 0x000000071f000000| Complete 
| 497|0x000000071f100000, 0x000000071f200000, 0x000000071f200000|100%| E|CS|TAMS 0x000000071f100000, 0x000000071f100000| Complete 
| 498|0x000000071f200000, 0x000000071f300000, 0x000000071f300000|100%| E|CS|TAMS 0x000000071f200000, 0x000000071f200000| Complete 
| 499|0x000000071f300000, 0x000000071f400000, 0x000000071f400000|100%| E|  |TAMS 0x000000071f300000, 0x000000071f300000| Complete 
| 500|0x000000071f400000, 0x000000071f500000, 0x000000071f500000|100%| E|CS|TAMS 0x000000071f400000, 0x000000071f400000| Complete 
| 501|0x000000071f500000, 0x000000071f600000, 0x000000071f600000|100%| E|CS|TAMS 0x000000071f500000, 0x000000071f500000| Complete 
| 502|0x000000071f600000, 0x000000071f700000, 0x000000071f700000|100%| E|CS|TAMS 0x000000071f600000, 0x000000071f600000| Complete 
| 503|0x000000071f700000, 0x000000071f800000, 0x000000071f800000|100%| E|CS|TAMS 0x000000071f700000, 0x000000071f700000| Complete 
| 504|0x000000071f800000, 0x000000071f900000, 0x000000071f900000|100%| E|CS|TAMS 0x000000071f800000, 0x000000071f800000| Complete 
| 505|0x000000071f900000, 0x000000071fa00000, 0x000000071fa00000|100%| E|CS|TAMS 0x000000071f900000, 0x000000071f900000| Complete 
| 506|0x000000071fa00000, 0x000000071fb00000, 0x000000071fb00000|100%| E|CS|TAMS 0x000000071fa00000, 0x000000071fa00000| Complete 
| 507|0x000000071fb00000, 0x000000071fc00000, 0x000000071fc00000|100%| E|CS|TAMS 0x000000071fb00000, 0x000000071fb00000| Complete 
| 508|0x000000071fc00000, 0x000000071fd00000, 0x000000071fd00000|100%| E|CS|TAMS 0x000000071fc00000, 0x000000071fc00000| Complete 
| 509|0x000000071fd00000, 0x000000071fe00000, 0x000000071fe00000|100%| E|CS|TAMS 0x000000071fd00000, 0x000000071fd00000| Complete 
| 510|0x000000071fe00000, 0x000000071ff00000, 0x000000071ff00000|100%| E|CS|TAMS 0x000000071fe00000, 0x000000071fe00000| Complete 
| 511|0x000000071ff00000, 0x0000000720000000, 0x0000000720000000|100%| E|CS|TAMS 0x000000071ff00000, 0x000000071ff00000| Complete 

Card table byte_map: [0x00007f775c011000,0x00007f775c811000] _byte_map_base: 0x00007f7758811000

Marking Bits (Prev, Next): (CMBitMap*) 0x00007f7774092cc0, (CMBitMap*) 0x00007f7774092c88
 Prev Bits: [0x00007f774f800000, 0x00007f7753800000)
 Next Bits: [0x00007f7753800000, 0x00007f7757800000)

Polling page: 0x00007f777c2c7000

Metaspace:

Usage:
  Non-class:     24.20 MB capacity,    23.18 MB ( 96%) used,  1002.84 KB (  4%) free+waste,    44.62 KB ( <1%) overhead. 
      Class:      2.85 MB capacity,     2.36 MB ( 83%) used,   476.23 KB ( 16%) free+waste,    21.25 KB ( <1%) overhead. 
       Both:     27.05 MB capacity,    25.54 MB ( 94%) used,     1.44 MB (  5%) free+waste,    65.88 KB ( <1%) overhead. 

Virtual space:
  Non-class space:       26.00 MB reserved,      24.42 MB ( 94%) committed 
      Class space:        1.00 GB reserved,       2.88 MB ( <1%) committed 
             Both:        1.03 GB reserved,      27.30 MB (  3%) committed 

Chunk freelists:
   Non-Class:  0 bytes
       Class:  0 bytes
        Both:  0 bytes

MaxMetaspaceSize: unlimited
CompressedClassSpaceSize: 1.00 GB
Initial GC threshold: 20.80 MB
Current GC threshold: 35.08 MB
CDS: off

CodeHeap 'non-profiled nmethods': size=119172Kb used=2709Kb max_used=2709Kb free=116462Kb
 bounds [0x00007f77643b0000, 0x00007f7764660000, 0x00007f776b811000]
CodeHeap 'profiled nmethods': size=119168Kb used=10296Kb max_used=10296Kb free=108871Kb
 bounds [0x00007f775cf50000, 0x00007f775d960000, 0x00007f77643b0000]
CodeHeap 'non-nmethods': size=7420Kb used=2953Kb max_used=2970Kb free=4466Kb
 bounds [0x00007f775c811000, 0x00007f775cb01000, 0x00007f775cf50000]
 total_blobs=4620 nmethods=4058 adapters=471
 compilation: enabled
              stopped_count=0, restarted_count=0
 full_count=0

Compilation events (20 events):
Event: 1.446 Thread 0x00007f771805e800 4052       3       java.lang.invoke.InvokerBytecodeGenerator::refKindOpcode (112 bytes)
Event: 1.446 Thread 0x00007f770026b800 nmethod 4038 0x00007f7764651f90 code [0x00007f7764652120, 0x00007f77646522f8]
Event: 1.446 Thread 0x00007f7724a6d800 nmethod 4049 0x00007f7764652710 code [0x00007f77646528a0, 0x00007f7764652928]
Event: 1.446 Thread 0x00007f77180cf000 4058       3       jdk.internal.org.objectweb.asm.Frame::pop (53 bytes)
Event: 1.446 Thread 0x00007f771805e800 nmethod 4052 0x00007f775d958210 code [0x00007f775d958480, 0x00007f775d958e90]
Event: 1.446 Thread 0x00007f771805e800 4055       3       jdk.internal.org.objectweb.asm.AnnotationWriter::<init> (34 bytes)
Event: 1.446 Thread 0x00007f77140ab800 4056       3       jdk.internal.org.objectweb.asm.AnnotationVisitor::<init> (7 bytes)
Event: 1.446 Thread 0x00007f771805e800 nmethod 4055 0x00007f775d959190 code [0x00007f775d959360, 0x00007f775d959660]
Event: 1.446 Thread 0x00007f771805e800 4057       3       jdk.internal.org.objectweb.asm.AnnotationVisitor::<init> (35 bytes)
Event: 1.446 Thread 0x00007f77140ab800 nmethod 4056 0x00007f775d959790 code [0x00007f775d959960, 0x00007f775d959c80]
Event: 1.446 Thread 0x00007f77140ab800 4059       3       jdk.internal.org.objectweb.asm.AnnotationWriter::visitEnd (43 bytes)
Event: 1.446 Thread 0x00007f771805e800 nmethod 4057 0x00007f775d959d90 code [0x00007f775d959f60, 0x00007f775d95a260]
Event: 1.446 Thread 0x00007f77180cf000 nmethod 4058 0x00007f775d95a390 code [0x00007f775d95a5e0, 0x00007f775d95ad10]
Event: 1.446 Thread 0x00007f77140ab800 nmethod 4059 0x00007f775d95b010 code [0x00007f775d95b1c0, 0x00007f775d95b350]
Event: 1.446 Thread 0x00007f77743ad800 nmethod 4050 0x00007f775d95b490 code [0x00007f775d95b760, 0x00007f775d95cab0]
Event: 1.447 Thread 0x00007f771805e800 4060       3       java.lang.invoke.MethodHandleNatives::findMethodHandleType (7 bytes)
Event: 1.447 Thread 0x00007f771805e800 nmethod 4060 0x00007f775d95d110 code [0x00007f775d95d2c0, 0x00007f775d95d3c0]
Event: 1.447 Thread 0x00007f77180cf000 4061       3       jdk.internal.org.objectweb.asm.MethodWriter::visitAnnotation (82 bytes)
Event: 1.447 Thread 0x00007f77180cf000 nmethod 4061 0x00007f775d95d490 code [0x00007f775d95d6e0, 0x00007f775d95e010]
Event: 1.450 Thread 0x00007f770415a800 nmethod 4036% 0x00007f7764652d10 code [0x00007f7764653020, 0x00007f77646545f0]

GC Heap History (4 events):
Event: 0.563 GC heap before
{Heap before GC invocations=0 (full 0):
 garbage-first heap   total 524288K, used 25600K [0x0000000700000000, 0x0000000800000000)
  region size 1024K, 25 young (25600K), 0 survivors (0K)
 Metaspace       used 13916K, capacity 14156K, committed 14464K, reserved 1062912K
  class space    used 1248K, capacity 1333K, committed 1408K, reserved 1048576K
}
Event: 0.566 GC heap after
{Heap after GC invocations=1 (full 0):
 garbage-first heap   total 524288K, used 3811K [0x0000000700000000, 0x0000000800000000)
  region size 1024K, 4 young (4096K), 4 survivors (4096K)
 Metaspace       used 13916K, capacity 14156K, committed 14464K, reserved 1062912K
  class space    used 1248K, capacity 1333K, committed 1408K, reserved 1048576K
}
Event: 1.326 GC heap before
{Heap before GC invocations=1 (full 0):
 garbage-first heap   total 524288K, used 219875K [0x0000000700000000, 0x0000000800000000)
  region size 1024K, 214 young (219136K), 4 survivors (4096K)
 Metaspace       used 20254K, capacity 21163K, committed 21296K, reserved 1069056K
  class space    used 1798K, capacity 2094K, committed 2176K, reserved 1048576K
}
Event: 1.337 GC heap after
{Heap after GC invocations=2 (full 0):
 garbage-first heap   total 524288K, used 23057K [0x0000000700000000, 0x0000000800000000)
  region size 1024K, 22 young (22528K), 22 survivors (22528K)
 Metaspace       used 20254K, capacity 21163K, committed 21296K, reserved 1069056K
  class space    used 1798K, capacity 2094K, committed 2176K, reserved 1048576K
}

Deoptimization events (20 events):
Event: 1.421 Thread 0x00007f7774b45800 DEOPT PACKING pc=0x00007f77644e4690 sp=0x00007f765833bae0
Event: 1.421 Thread 0x00007f7774b45800 DEOPT UNPACKING pc=0x00007f775c85aea5 sp=0x00007f765833ba78 mode 2
Event: 1.421 Thread 0x00007f7774b45800 Uncommon trap: trap_request=0xffffff4d fr.pc=0x00007f77645e3864 relative=0x0000000000001604
Event: 1.421 Thread 0x00007f7774b45800 Uncommon trap: reason=unstable_if action=reinterpret pc=0x00007f77645e3864 method=java.util.concurrent.ConcurrentHashMap.putVal(Ljava/lang/Object;Ljava/lang/Object;Z)Ljava/lang/Object; @ 202 c2
Event: 1.421 Thread 0x00007f7774b45800 DEOPT PACKING pc=0x00007f77645e3864 sp=0x00007f765833ba70
Event: 1.421 Thread 0x00007f7774b45800 DEOPT UNPACKING pc=0x00007f775c85aea5 sp=0x00007f765833b9f8 mode 2
Event: 1.421 Thread 0x00007f7774b45800 Uncommon trap: trap_request=0xffffffde fr.pc=0x00007f77644e4690 relative=0x00000000000004b0
Event: 1.421 Thread 0x00007f7774b45800 Uncommon trap: reason=class_check action=maybe_recompile pc=0x00007f77644e4690 method=java.util.concurrent.ConcurrentHashMap.get(Ljava/lang/Object;)Ljava/lang/Object; @ 93 c2
Event: 1.421 Thread 0x00007f7774b45800 DEOPT PACKING pc=0x00007f77644e4690 sp=0x00007f765833bae0
Event: 1.421 Thread 0x00007f7774b45800 DEOPT UNPACKING pc=0x00007f775c85aea5 sp=0x00007f765833ba78 mode 2
Event: 1.421 Thread 0x00007f7774b45800 Uncommon trap: trap_request=0xffffffde fr.pc=0x00007f77644e4690 relative=0x00000000000004b0
Event: 1.421 Thread 0x00007f7774b45800 Uncommon trap: reason=class_check action=maybe_recompile pc=0x00007f77644e4690 method=java.util.concurrent.ConcurrentHashMap.get(Ljava/lang/Object;)Ljava/lang/Object; @ 93 c2
Event: 1.421 Thread 0x00007f7774b45800 DEOPT PACKING pc=0x00007f77644e4690 sp=0x00007f765833bae0
Event: 1.421 Thread 0x00007f7774b45800 DEOPT UNPACKING pc=0x00007f775c85aea5 sp=0x00007f765833ba78 mode 2
Event: 1.421 Thread 0x00007f7774b45800 Uncommon trap: trap_request=0xffffffde fr.pc=0x00007f77644e4690 relative=0x00000000000004b0
Event: 1.421 Thread 0x00007f7774b45800 Uncommon trap: reason=class_check action=maybe_recompile pc=0x00007f77644e4690 method=java.util.concurrent.ConcurrentHashMap.get(Ljava/lang/Object;)Ljava/lang/Object; @ 93 c2
Event: 1.421 Thread 0x00007f7774b45800 DEOPT PACKING pc=0x00007f77644e4690 sp=0x00007f765833bae0
Event: 1.421 Thread 0x00007f7774b45800 DEOPT UNPACKING pc=0x00007f775c85aea5 sp=0x00007f765833ba78 mode 2
Event: 1.430 Thread 0x00007f7774c4d800 DEOPT PACKING pc=0x00007f775d683f20 sp=0x00007f7658442710
Event: 1.430 Thread 0x00007f7774c4d800 DEOPT UNPACKING pc=0x00007f775c85b64a sp=0x00007f7658441c48 mode 0

Classes redefined (0 events):
No events

Internal exceptions (20 events):
Event: 0.472 Thread 0x00007f7774029000 Exception <a 'java/io/FileNotFoundException'{0x000000071f26eb28}> (0x000000071f26eb28) thrown at [./src/hotspot/share/prims/jni.cpp, line 617]
Event: 0.482 Thread 0x00007f7774029000 Implicit null exception at 0x00007f77643ded75 to 0x00007f77643def7c
Event: 0.482 Thread 0x00007f7774029000 Implicit null exception at 0x00007f77643dfaaf to 0x00007f77643dfb29
Event: 0.483 Thread 0x00007f7774029000 Implicit null exception at 0x00007f77643ed0bb to 0x00007f77643edbe9
Event: 0.506 Thread 0x00007f7774029000 Exception <a 'java/lang/NoSuchMethodError'{0x000000071ef378f8}: 'int java.lang.invoke.DirectMethodHandle$Holder.invokeSpecialIFC(java.lang.Object, java.lang.Object, int)'> (0x000000071ef378f8) thrown at [./src/hotspot/share/interpreter/linkResolver.cpp, line 773]
Event: 0.552 Thread 0x00007f7774029000 Exception <a 'java/lang/NoSuchMethodError'{0x000000071e8640c0}: 'int java.lang.invoke.DirectMethodHandle$Holder.invokeStaticInit(java.lang.Object, java.lang.Object, java.lang.Object, java.lang.Object)'> (0x000000071e8640c0) thrown at [./src/hotspot/share/interpreter/linkResolver.cpp, line 773]
Event: 0.552 Thread 0x00007f7774029000 Exception <a 'java/lang/IncompatibleClassChangeError'{0x000000071e86e008}: Found class java.lang.Object, but interface was expected> (0x000000071e86e008) thrown at [./src/hotspot/share/interpreter/linkResolver.cpp, line 839]
Event: 0.552 Thread 0x00007f7774029000 Exception <a 'java/lang/NoSuchMethodError'{0x000000071e871370}: 'void java.lang.invoke.DirectMethodHandle$Holder.invokeStaticInit(java.lang.Object, java.lang.Object)'> (0x000000071e871370) thrown at [./src/hotspot/share/interpreter/linkResolver.cpp, line 773]
Event: 0.553 Thread 0x00007f7774029000 Exception <a 'java/lang/NoSuchMethodError'{0x000000071e8766d8}: 'int java.lang.invoke.DirectMethodHandle$Holder.invokeStaticInit(java.lang.Object, java.lang.Object)'> (0x000000071e8766d8) thrown at [./src/hotspot/share/interpreter/linkResolver.cpp, line 773]
Event: 1.065 Thread 0x00007f7774ae6000 Exception <a 'java/io/FileNotFoundException'{0x000000071597fb88}> (0x000000071597fb88) thrown at [./src/hotspot/share/prims/jni.cpp, line 617]
Event: 1.090 Thread 0x00007f7774ae6000 Exception <a 'java/lang/NoSuchMethodError'{0x0000000715740410}: 'java.lang.Object java.lang.invoke.DirectMethodHandle$Holder.invokeStatic(java.lang.Object, java.lang.Object, java.lang.Object, java.lang.Object, java.lang.Object, java.lang.Object, java.lang.Object, java.lang.Object, java.lang.Object, java.lang.Object, java.lang.Object, java.lang.Object, java.lang.Object, java.lang.Object, java.lang.Object)'> (0x0000000715740410) thrown at [./src/hotspot/share/interpreter/linkResolver.cpp, line 773]
Event: 1.091 Thread 0x00007f7774ae6000 Exception <a 'java/lang/NoSuchMethodError'{0x000000071574ec10}: 'java.lang.Object java.lang.invoke.DirectMethodHandle$Holder.invokeStatic(java.lang.Object, java.lang.Object, java.lang.Object, java.lang.Object, java.lang.Object, java.lang.Object, java.lang.Object, java.lang.Object, java.lang.Object, java.lang.Object, java.lang.Object, java.lang.Object, java.lang.Object, java.lang.Object, java.lang.Object, java.lang.Object)'> (0x000000071574ec10) thrown at [./src/hotspot/share/interpreter/linkResolver.cpp, l
Event: 1.091 Thread 0x00007f7774ae6000 Exception <a 'java/lang/NoSuchMethodError'{0x000000071575d320}: 'java.lang.Object java.lang.invoke.DirectMethodHandle$Holder.invokeSpecial(java.lang.Object, java.lang.Object, int, int, java.lang.Object, java.lang.Object, java.lang.Object)'> (0x000000071575d320) thrown at [./src/hotspot/share/interpreter/linkResolver.cpp, line 773]
Event: 1.091 Thread 0x00007f7774ae6000 Exception <a 'java/lang/NoSuchMethodError'{0x0000000715761350}: 'java.lang.Object java.lang.invoke.DelegatingMethodHandle$Holder.reinvoke_L(java.lang.Object, int, int, java.lang.Object, java.lang.Object, java.lang.Object)'> (0x0000000715761350) thrown at [./src/hotspot/share/interpreter/linkResolver.cpp, line 773]
Event: 1.092 Thread 0x00007f7774ae6000 Exception <a 'java/lang/NoSuchMethodError'{0x0000000715766270}: 'java.lang.Object java.lang.invoke.DirectMethodHandle$Holder.invokeStatic(java.lang.Object, java.lang.Object, java.lang.Object, java.lang.Object, int)'> (0x0000000715766270) thrown at [./src/hotspot/share/interpreter/linkResolver.cpp, line 773]
Event: 1.323 Thread 0x00007f7774ae6000 Exception <a 'java/io/FileNotFoundException'{0x0000000712bc4958}> (0x0000000712bc4958) thrown at [./src/hotspot/share/prims/jni.cpp, line 617]
Event: 1.360 Thread 0x00007f7774ae6000 Exception <a 'java/io/FileNotFoundException'{0x000000071fe25e40}> (0x000000071fe25e40) thrown at [./src/hotspot/share/prims/jni.cpp, line 617]
Event: 1.418 Thread 0x00007f7774c4d800 Exception <a 'java/io/FileNotFoundException'{0x000000071f348f40}> (0x000000071f348f40) thrown at [./src/hotspot/share/prims/jni.cpp, line 617]
Event: 1.419 Thread 0x00007f7774c4d800 Exception <a 'java/io/FileNotFoundException'{0x000000071f35a050}> (0x000000071f35a050) thrown at [./src/hotspot/share/prims/jni.cpp, line 617]
Event: 1.427 Thread 0x00007f7774029000 Exception <a 'java/lang/NoSuchMethodError'{0x000000071f2a9388}: 'void java.lang.invoke.DirectMethodHandle$Holder.invokeStaticInit(java.lang.Object)'> (0x000000071f2a9388) thrown at [./src/hotspot/share/interpreter/linkResolver.cpp, line 773]

Events (20 events):
Event: 1.437 Protecting memory [0x00007f7658043000,0x00007f7658047000] with protection modes 0
Event: 1.438 Executing VM operation: Deoptimize
Event: 1.438 Executing VM operation: Deoptimize done
Event: 1.439 Loaded shared library /home/zjnyly/.Xilinx/vitis_hls/2023.2/workspace2/org.eclipse.osgi/242/0/.cp/libswt-cairo-gtk-4932r18.so
Event: 1.439 loading class java/io/BufferedReader$1
Event: 1.439 loading class java/io/BufferedReader$1 done
Event: 1.443 Executing VM operation: RevokeBias
Event: 1.443 Executing VM operation: RevokeBias done
Event: 1.444 Executing VM operation: BulkRevokeBias
Event: 1.444 Executing VM operation: BulkRevokeBias done
Event: 1.444 Executing VM operation: RevokeBias
Event: 1.444 Executing VM operation: RevokeBias done
Event: 1.444 Executing VM operation: RevokeBias
Event: 1.444 Executing VM operation: RevokeBias done
Event: 1.445 loading class java/lang/invoke/BoundMethodHandle$Species_LLLLLLI
Event: 1.445 loading class java/lang/invoke/BoundMethodHandle$Species_LLLLLLI done
Event: 1.445 loading class java/lang/invoke/BoundMethodHandle$Species_LLLLLLII
Event: 1.445 loading class java/lang/invoke/BoundMethodHandle$Species_LLLLLLII done
Event: 1.446 loading class java/lang/invoke/BoundMethodHandle$Species_LLLLLLIIL
Event: 1.446 loading class java/lang/invoke/BoundMethodHandle$Species_LLLLLLIIL done


Dynamic libraries:
700000000-720000000 rw-p 00000000 00:00 0 
720000000-800000000 ---p 00000000 00:00 0 
800000000-8002e0000 rw-p 00000000 00:00 0 
8002e0000-840000000 ---p 00000000 00:00 0 
559507d7c000-559507d7d000 r-xp 00000000 103:02 104146701                 /tools/Xilinx/Vitis_HLS/2023.2/tps/lnx64/jre11.0.16_1/bin/java
559507f7d000-559507f7e000 r--p 00001000 103:02 104146701                 /tools/Xilinx/Vitis_HLS/2023.2/tps/lnx64/jre11.0.16_1/bin/java
559507f7e000-559507f7f000 rw-p 00002000 103:02 104146701                 /tools/Xilinx/Vitis_HLS/2023.2/tps/lnx64/jre11.0.16_1/bin/java
559509228000-559509249000 rw-p 00000000 00:00 0                          [heap]
7f7559bd6000-7f7559bd7000 r--p 00000000 103:02 56885542                  /lib/x86_64-linux-gnu/libcrypt-2.28.so
7f7559bd7000-7f7559bdd000 r-xp 00001000 103:02 56885542                  /lib/x86_64-linux-gnu/libcrypt-2.28.so
7f7559bdd000-7f7559bdf000 r--p 00007000 103:02 56885542                  /lib/x86_64-linux-gnu/libcrypt-2.28.so
7f7559bdf000-7f7559be0000 ---p 00009000 103:02 56885542                  /lib/x86_64-linux-gnu/libcrypt-2.28.so
7f7559be0000-7f7559be1000 r--p 00009000 103:02 56885542                  /lib/x86_64-linux-gnu/libcrypt-2.28.so
7f7559be1000-7f7559be2000 rw-p 0000a000 103:02 56885542                  /lib/x86_64-linux-gnu/libcrypt-2.28.so
7f7559be2000-7f7559c10000 rw-p 00000000 00:00 0 
7f7559c10000-7f7559c49000 r--p 00000000 103:02 65538904                  /etc/ld.so.cache
7f7559c49000-7f7559c76000 r-xp 00000000 103:02 102919278                 /tools/Xilinx/Vitis_HLS/2023.2/lib/lnx64.o/Ubuntu/libgomp.so.1
7f7559c76000-7f7559e75000 ---p 0002d000 103:02 102919278                 /tools/Xilinx/Vitis_HLS/2023.2/lib/lnx64.o/Ubuntu/libgomp.so.1
7f7559e75000-7f7559e76000 rw-p 0002c000 103:02 102919278                 /tools/Xilinx/Vitis_HLS/2023.2/lib/lnx64.o/Ubuntu/libgomp.so.1
7f7559e76000-7f755a190000 r-xp 00000000 103:02 102942161                 /tools/Xilinx/Vitis_HLS/2023.2/lib/lnx64.o/libxgboost.so
7f755a190000-7f755a390000 ---p 0031a000 103:02 102942161                 /tools/Xilinx/Vitis_HLS/2023.2/lib/lnx64.o/libxgboost.so
7f755a390000-7f755a39a000 rw-p 0031a000 103:02 102942161                 /tools/Xilinx/Vitis_HLS/2023.2/lib/lnx64.o/libxgboost.so
7f755a39a000-7f755a39b000 rw-p 00000000 00:00 0 
7f755a39b000-7f755a3dd000 rw-p 00390000 103:02 102942161                 /tools/Xilinx/Vitis_HLS/2023.2/lib/lnx64.o/libxgboost.so
7f755a3dd000-7f755a44d000 r-xp 00000000 103:02 102832384                 /tools/Xilinx/Vitis_HLS/2023.2/lib/lnx64.o/libtreelite_runtime-0.32.so
7f755a44d000-7f755a64c000 ---p 00070000 103:02 102832384                 /tools/Xilinx/Vitis_HLS/2023.2/lib/lnx64.o/libtreelite_runtime-0.32.so
7f755a64c000-7f755a64f000 rw-p 0006f000 103:02 102832384                 /tools/Xilinx/Vitis_HLS/2023.2/lib/lnx64.o/libtreelite_runtime-0.32.so
7f755a64f000-7f755a65b000 rw-p 00084000 103:02 102832384                 /tools/Xilinx/Vitis_HLS/2023.2/lib/lnx64.o/libtreelite_runtime-0.32.so
7f755a65b000-7f755aa76000 r-xp 00000000 103:02 102939203                 /tools/Xilinx/Vitis_HLS/2023.2/lib/lnx64.o/libcrypto.so.3
7f755aa76000-7f755ac76000 ---p 0041b000 103:02 102939203                 /tools/Xilinx/Vitis_HLS/2023.2/lib/lnx64.o/libcrypto.so.3
7f755ac76000-7f755acd1000 r--p 0041b000 103:02 102939203                 /tools/Xilinx/Vitis_HLS/2023.2/lib/lnx64.o/libcrypto.so.3
7f755acd1000-7f755acd4000 rw-p 00476000 103:02 102939203                 /tools/Xilinx/Vitis_HLS/2023.2/lib/lnx64.o/libcrypto.so.3
7f755acd4000-7f755acd8000 rw-p 00000000 00:00 0 
7f755acd8000-7f755ad6f000 r-xp 00000000 103:02 102987629                 /tools/Xilinx/Vitis_HLS/2023.2/lib/lnx64.o/libssl.so.3
7f755ad6f000-7f755af6f000 ---p 00097000 103:02 102987629                 /tools/Xilinx/Vitis_HLS/2023.2/lib/lnx64.o/libssl.so.3
7f755af6f000-7f755af78000 r--p 00097000 103:02 102987629                 /tools/Xilinx/Vitis_HLS/2023.2/lib/lnx64.o/libssl.so.3
7f755af78000-7f755af7d000 rw-p 000a0000 103:02 102987629                 /tools/Xilinx/Vitis_HLS/2023.2/lib/lnx64.o/libssl.so.3
7f755af7d000-7f755afad000 r-xp 00000000 103:02 102979995                 /tools/Xilinx/Vitis_HLS/2023.2/lib/lnx64.o/libedit.so.0
7f755afad000-7f755b1ad000 ---p 00030000 103:02 102979995                 /tools/Xilinx/Vitis_HLS/2023.2/lib/lnx64.o/libedit.so.0
7f755b1ad000-7f755b1b0000 rw-p 00030000 103:02 102979995                 /tools/Xilinx/Vitis_HLS/2023.2/lib/lnx64.o/libedit.so.0
7f755b1b0000-7f755b1b3000 rw-p 00000000 00:00 0 
7f755b1b3000-7f755b21b000 r--p 00000000 103:02 102942162                 /tools/Xilinx/Vitis_HLS/2023.2/lib/lnx64.o/libXil_lmgr11.so
7f755b21b000-7f755b41f000 r-xp 00068000 103:02 102942162                 /tools/Xilinx/Vitis_HLS/2023.2/lib/lnx64.o/libXil_lmgr11.so
7f755b41f000-7f755b4d5000 r--p 0026c000 103:02 102942162                 /tools/Xilinx/Vitis_HLS/2023.2/lib/lnx64.o/libXil_lmgr11.so
7f755b4d5000-7f755b4d6000 ---p 00322000 103:02 102942162                 /tools/Xilinx/Vitis_HLS/2023.2/lib/lnx64.o/libXil_lmgr11.so
7f755b4d6000-7f755b4f8000 r--p 00322000 103:02 102942162                 /tools/Xilinx/Vitis_HLS/2023.2/lib/lnx64.o/libXil_lmgr11.so
7f755b4f8000-7f755b507000 rw-p 00344000 103:02 102942162                 /tools/Xilinx/Vitis_HLS/2023.2/lib/lnx64.o/libXil_lmgr11.so
7f755b507000-7f755b50c000 rw-p 00000000 00:00 0 
7f755b50c000-7f755b51e000 rw-p 003be000 103:02 102942162                 /tools/Xilinx/Vitis_HLS/2023.2/lib/lnx64.o/libXil_lmgr11.so
7f755b51e000-7f755b842000 r-xp 00000000 103:02 102939201                 /tools/Xilinx/Vitis_HLS/2023.2/lib/lnx64.o/libpython3.8.so.1.0
7f755b842000-7f755ba41000 ---p 00324000 103:02 102939201                 /tools/Xilinx/Vitis_HLS/2023.2/lib/lnx64.o/libpython3.8.so.1.0
7f755ba41000-7f755ba46000 r--p 00323000 103:02 102939201                 /tools/Xilinx/Vitis_HLS/2023.2/lib/lnx64.o/libpython3.8.so.1.0
7f755ba46000-7f755ba88000 rw-p 00328000 103:02 102939201                 /tools/Xilinx/Vitis_HLS/2023.2/lib/lnx64.o/libpython3.8.so.1.0
7f755ba88000-7f755baa8000 rw-p 00000000 00:00 0 
7f755baa8000-7f755e0f8000 r-xp 00000000 103:02 102821532                 /tools/Xilinx/Vitis_HLS/2023.2/lib/lnx64.o/libgurobi90.so
7f755e0f8000-7f755e2f7000 ---p 02650000 103:02 102821532                 /tools/Xilinx/Vitis_HLS/2023.2/lib/lnx64.o/libgurobi90.so
7f755e2f7000-7f755e356000 rw-p 0264f000 103:02 102821532                 /tools/Xilinx/Vitis_HLS/2023.2/lib/lnx64.o/libgurobi90.so
7f755e356000-7f755e362000 rw-p 00000000 00:00 0 
7f755e362000-7f755e364000 rw-p 0278a000 103:02 102821532                 /tools/Xilinx/Vitis_HLS/2023.2/lib/lnx64.o/libgurobi90.so
7f755e364000-7f755e3a3000 r--p 00000000 103:02 102838904                 /tools/Xilinx/Vitis_HLS/2023.2/lib/lnx64.o/libxv_hdxml.so
7f755e3a3000-7f755e3fc000 r-xp 0003f000 103:02 102838904                 /tools/Xilinx/Vitis_HLS/2023.2/lib/lnx64.o/libxv_hdxml.so
7f755e3fc000-7f755e41f000 r--p 00098000 103:02 102838904                 /tools/Xilinx/Vitis_HLS/2023.2/lib/lnx64.o/libxv_hdxml.so
7f755e41f000-7f755e426000 r--p 000ba000 103:02 102838904                 /tools/Xilinx/Vitis_HLS/2023.2/lib/lnx64.o/libxv_hdxml.so
7f755e426000-7f755e428000 rw-p 000c1000 103:02 102838904                 /tools/Xilinx/Vitis_HLS/2023.2/lib/lnx64.o/libxv_hdxml.so
7f755e428000-7f755e43f000 r-xp 00000000 103:02 102986846                 /tools/Xilinx/Vitis_HLS/2023.2/lib/lnx64.o/librdiconfig.so
7f755e43f000-7f755e63f000 ---p 00017000 103:02 102986846                 /tools/Xilinx/Vitis_HLS/2023.2/lib/lnx64.o/librdiconfig.so
7f755e63f000-7f755e640000 rw-p 00017000 103:02 102986846                 /tools/Xilinx/Vitis_HLS/2023.2/lib/lnx64.o/librdiconfig.so
7f755e640000-7f755e64f000 r-xp 00000000 103:02 102770051                 /tools/Xilinx/Vitis_HLS/2023.2/lib/lnx64.o/libprofiler.so.0
7f755e64f000-7f755e84e000 ---p 0000f000 103:02 102770051                 /tools/Xilinx/Vitis_HLS/2023.2/lib/lnx64.o/libprofiler.so.0
7f755e84e000-7f755e84f000 rw-p 0000e000 103:02 102770051                 /tools/Xilinx/Vitis_HLS/2023.2/lib/lnx64.o/libprofiler.so.0
7f755e84f000-7f755e853000 rw-p 00000000 00:00 0 
7f755e853000-7f755e874000 r-xp 00000000 103:02 102942159                 /tools/Xilinx/Vitis_HLS/2023.2/lib/lnx64.o/librdizlib.so
7f755e874000-7f755ea74000 ---p 00021000 103:02 102942159                 /tools/Xilinx/Vitis_HLS/2023.2/lib/lnx64.o/librdizlib.so
7f755ea74000-7f755ea75000 rw-p 00021000 103:02 102942159                 /tools/Xilinx/Vitis_HLS/2023.2/lib/lnx64.o/librdizlib.so
7f755ea75000-7f755ea76000 rw-p 00025000 103:02 102942159                 /tools/Xilinx/Vitis_HLS/2023.2/lib/lnx64.o/librdizlib.so
7f755ea76000-7f755eb16000 r-xp 00000000 103:02 102842799                 /tools/Xilinx/Vitis_HLS/2023.2/lib/lnx64.o/libhdlpsolve.so
7f755eb16000-7f755ed15000 ---p 000a0000 103:02 102842799                 /tools/Xilinx/Vitis_HLS/2023.2/lib/lnx64.o/libhdlpsolve.so
7f755ed15000-7f755ed19000 rw-p 0009f000 103:02 102842799                 /tools/Xilinx/Vitis_HLS/2023.2/lib/lnx64.o/libhdlpsolve.so
7f755ed19000-7f755ed3c000 r--p 00000000 103:02 102987609                 /tools/Xilinx/Vitis_HLS/2023.2/lib/lnx64.o/libxv_lmx.so
7f755ed3c000-7f755ed6e000 r-xp 00023000 103:02 102987609                 /tools/Xilinx/Vitis_HLS/2023.2/lib/lnx64.o/libxv_lmx.so
7f755ed6e000-7f755ed83000 r--p 00055000 103:02 102987609                 /tools/Xilinx/Vitis_HLS/2023.2/lib/lnx64.o/libxv_lmx.so
7f755ed83000-7f755ed84000 ---p 0006a000 103:02 102987609                 /tools/Xilinx/Vitis_HLS/2023.2/lib/lnx64.o/libxv_lmx.so
7f755ed84000-7f755ed86000 r--p 0006a000 103:02 102987609                 /tools/Xilinx/Vitis_HLS/2023.2/lib/lnx64.o/libxv_lmx.so
7f755ed86000-7f755ed89000 rw-p 0006c000 103:02 102987609                 /tools/Xilinx/Vitis_HLS/2023.2/lib/lnx64.o/libxv_lmx.so
7f755ed89000-7f755edcc000 r--p 00000000 103:02 102987622                 /tools/Xilinx/Vitis_HLS/2023.2/lib/lnx64.o/libboost_regex.so.1.72.0
7f755edcc000-7f755ee50000 r-xp 00043000 103:02 102987622                 /tools/Xilinx/Vitis_HLS/2023.2/lib/lnx64.o/libboost_regex.so.1.72.0
7f755ee50000-7f755ee6e000 r--p 000c7000 103:02 102987622                 /tools/Xilinx/Vitis_HLS/2023.2/lib/lnx64.o/libboost_regex.so.1.72.0
7f755ee6e000-7f755ee72000 r--p 000e4000 103:02 102987622                 /tools/Xilinx/Vitis_HLS/2023.2/lib/lnx64.o/libboost_regex.so.1.72.0
7f755ee72000-7f755ee74000 rw-p 000e8000 103:02 102987622                 /tools/Xilinx/Vitis_HLS/2023.2/lib/lnx64.o/libboost_regex.so.1.72.0
7f755ee74000-7f755f138000 r-xp 00000000 103:02 102922270                 /tools/Xilinx/Vitis_HLS/2023.2/lib/lnx64.o/libprotoc.so.18
7f755f138000-7f755f337000 ---p 002c4000 103:02 102922270                 /tools/Xilinx/Vitis_HLS/2023.2/lib/lnx64.o/libprotoc.so.18
7f755f337000-7f755f341000 rw-p 002c3000 103:02 102922270                 /tools/Xilinx/Vitis_HLS/2023.2/lib/lnx64.o/libprotoc.so.18
7f755f341000-7f755f34a000 r--p 00000000 103:02 102799410                 /tools/Xilinx/Vitis_HLS/2023.2/lib/lnx64.o/libboost_math_c99.so.1.72.0
7f755f34a000-7f755f353000 r-xp 00009000 103:02 102799410                 /tools/Xilinx/Vitis_HLS/2023.2/lib/lnx64.o/libboost_math_c99.so.1.72.0
7f755f353000-7f755f357000 r--p 00012000 103:02 102799410                 /tools/Xilinx/Vitis_HLS/2023.2/lib/lnx64.o/libboost_math_c99.so.1.72.0
7f755f357000-7f755f358000 r--p 00015000 103:02 102799410                 /tools/Xilinx/Vitis_HLS/2023.2/lib/lnx64.o/libboost_math_c99.so.1.72.0
7f755f358000-7f755f359000 rw-p 00016000 103:02 102799410                 /tools/Xilinx/Vitis_HLS/2023.2/lib/lnx64.o/libboost_math_c99.so.1.72.0
7f755f359000-7f755f35a000 rw-p 00000000 00:00 0 
7f755f35a000-7f755f386000 r--p 00000000 103:02 102799411                 /tools/Xilinx/Vitis_HLS/2023.2/lib/lnx64.o/libboost_program_options.so.1.72.0
7f755f386000-7f755f3c9000 r-xp 0002c000 103:02 102799411                 /tools/Xilinx/Vitis_HLS/2023.2/lib/lnx64.o/libboost_program_options.so.1.72.0
7f755f3c9000-7f755f3db000 r--p 0006f000 103:02 102799411                 /tools/Xilinx/Vitis_HLS/2023.2/lib/lnx64.o/libboost_program_options.so.1.72.0
7f755f3db000-7f755f3e0000 r--p 00080000 103:02 102799411                 /tools/Xilinx/Vitis_HLS/2023.2/lib/lnx64.o/libboost_program_options.so.1.72.0
7f755f3e0000-7f755f3e1000 rw-p 00085000 103:02 102799411                 /tools/Xilinx/Vitis_HLS/2023.2/lib/lnx64.o/libboost_program_options.so.1.72.0
7f755f3e1000-7f755f485000 r--p 00000000 103:02 102799343                 /tools/Xilinx/Vitis_HLS/2023.2/lib/lnx64.o/libxv_curl.so
7f755f485000-7f755f650000 r-xp 000a4000 103:02 102799343                 /tools/Xilinx/Vitis_HLS/2023.2/lib/lnx64.o/libxv_curl.so
7f755f650000-7f755f6ec000 r--p 0026f000 103:02 102799343                 /tools/Xilinx/Vitis_HLS/2023.2/lib/lnx64.o/libxv_curl.so
7f755f6ec000-7f755f6ed000 ---p 0030b000 103:02 102799343                 /tools/Xilinx/Vitis_HLS/2023.2/lib/lnx64.o/libxv_curl.so
7f755f6ed000-7f755f713000 r--p 0030b000 103:02 102799343                 /tools/Xilinx/Vitis_HLS/2023.2/lib/lnx64.o/libxv_curl.so
7f755f713000-7f755f71f000 rw-p 00331000 103:02 102799343                 /tools/Xilinx/Vitis_HLS/2023.2/lib/lnx64.o/libxv_curl.so
7f755f71f000-7f755f721000 rw-p 00000000 00:00 0 
7f755f721000-7f755f7fa000 r--p 00000000 103:02 102987600                 /tools/Xilinx/Vitis_HLS/2023.2/lib/lnx64.o/libxv_COIN-all.so
7f755f7fa000-7f755fc9b000 r-xp 000d9000 103:02 102987600                 /tools/Xilinx/Vitis_HLS/2023.2/lib/lnx64.o/libxv_COIN-all.so
7f755fc9b000-7f755fd5f000 r--p 0057a000 103:02 102987600                 /tools/Xilinx/Vitis_HLS/2023.2/lib/lnx64.o/libxv_COIN-all.so
7f755fd5f000-7f755fd60000 ---p 0063e000 103:02 102987600                 /tools/Xilinx/Vitis_HLS/2023.2/lib/lnx64.o/libxv_COIN-all.so
7f755fd60000-7f755fd73000 r--p 0063e000 103:02 102987600                 /tools/Xilinx/Vitis_HLS/2023.2/lib/lnx64.o/libxv_COIN-all.so
7f755fd73000-7f755fd7b000 rw-p 00651000 103:02 102987600                 /tools/Xilinx/Vitis_HLS/2023.2/lib/lnx64.o/libxv_COIN-all.so
7f755fd7b000-7f755fd87000 rw-p 00000000 00:00 0 
7f755fd87000-7f755fe08000 r-xp 00000000 103:02 102868899                 /tools/Xilinx/Vitis_HLS/2023.2/lib/lnx64.o/libtdom0.8.2.so
7f755fe08000-7f7560008000 ---p 00081000 103:02 102868899                 /tools/Xilinx/Vitis_HLS/2023.2/lib/lnx64.o/libtdom0.8.2.so
7f7560008000-7f7560010000 rw-p 00081000 103:02 102868899                 /tools/Xilinx/Vitis_HLS/2023.2/lib/lnx64.o/libtdom0.8.2.so
7f7560010000-7f7560012000 rw-p 00000000 00:00 0 
7f7560012000-7f7560014000 rw-p 00092000 103:02 102868899                 /tools/Xilinx/Vitis_HLS/2023.2/lib/lnx64.o/libtdom0.8.2.so
7f7560014000-7f75602c3000 r-xp 00000000 103:02 102946411                 /tools/Xilinx/Vitis_HLS/2023.2/lib/lnx64.o/libprotobuf.so.18
7f75602c3000-7f75604c2000 ---p 002af000 103:02 102946411                 /tools/Xilinx/Vitis_HLS/2023.2/lib/lnx64.o/libprotobuf.so.18
7f75604c2000-7f75604d1000 rw-p 002ae000 103:02 102946411                 /tools/Xilinx/Vitis_HLS/2023.2/lib/lnx64.o/libprotobuf.so.18
7f75604d1000-7f75604d3000 rw-p 00000000 00:00 0 
7f75604d3000-7f75605ea000 r-xp 00000000 103:02 102956928                 /tools/Xilinx/Vitis_HLS/2023.2/lib/lnx64.o/libtcl8.5.so
7f75605ea000-7f75607ea000 ---p 00117000 103:02 102956928                 /tools/Xilinx/Vitis_HLS/2023.2/lib/lnx64.o/libtcl8.5.so
7f75607ea000-7f75607f5000 rw-p 00117000 103:02 102956928                 /tools/Xilinx/Vitis_HLS/2023.2/lib/lnx64.o/libtcl8.5.so
7f75607f5000-7f75607f6000 rw-p 00000000 00:00 0 
7f75607f6000-7f75607fb000 rw-p 0013c000 103:02 102956928                 /tools/Xilinx/Vitis_HLS/2023.2/lib/lnx64.o/libtcl8.5.so
7f75607fb000-7f7560b87000 r-xp 00000000 103:02 102986848                 /tools/Xilinx/Vitis_HLS/2023.2/lib/lnx64.o/libxerces-c-3.2.so
7f7560b87000-7f7560d86000 ---p 0038c000 103:02 102986848                 /tools/Xilinx/Vitis_HLS/2023.2/lib/lnx64.o/libxerces-c-3.2.so
7f7560d86000-7f7560dbf000 rw-p 0038b000 103:02 102986848                 /tools/Xilinx/Vitis_HLS/2023.2/lib/lnx64.o/libxerces-c-3.2.so
7f7560dbf000-7f7560dc0000 rw-p 00000000 00:00 0 
7f7560dc0000-7f7560ea7000 r-xp 00000000 103:02 102949391                 /tools/Xilinx/Vitis_HLS/2023.2/lib/lnx64.o/libsqlite3.28.0.so
7f7560ea7000-7f75610a6000 ---p 000e7000 103:02 102949391                 /tools/Xilinx/Vitis_HLS/2023.2/lib/lnx64.o/libsqlite3.28.0.so
7f75610a6000-7f75610ac000 rw-p 000e6000 103:02 102949391                 /tools/Xilinx/Vitis_HLS/2023.2/lib/lnx64.o/libsqlite3.28.0.so
7f75610ac000-7f75610ae000 rw-p 00101000 103:02 102949391                 /tools/Xilinx/Vitis_HLS/2023.2/lib/lnx64.o/libsqlite3.28.0.so
7f75610ae000-7f75610e2000 r--p 00000000 103:02 102987626                 /tools/Xilinx/Vitis_HLS/2023.2/lib/lnx64.o/libboost_unit_test_framework.so.1.72.0
7f75610e2000-7f756114a000 r-xp 00034000 103:02 102987626                 /tools/Xilinx/Vitis_HLS/2023.2/lib/lnx64.o/libboost_unit_test_framework.so.1.72.0
7f756114a000-7f7561168000 r--p 0009c000 103:02 102987626                 /tools/Xilinx/Vitis_HLS/2023.2/lib/lnx64.o/libboost_unit_test_framework.so.1.72.0
7f7561168000-7f756116d000 r--p 000b9000 103:02 102987626                 /tools/Xilinx/Vitis_HLS/2023.2/lib/lnx64.o/libboost_unit_test_framework.so.1.72.0
7f756116d000-7f756116e000 rw-p 000be000 103:02 102987626                 /tools/Xilinx/Vitis_HLS/2023.2/lib/lnx64.o/libboost_unit_test_framework.so.1.72.0
7f756116e000-7f7561171000 rw-p 00000000 00:00 0 
7f7561171000-7f7561196000 r--p 00000000 103:02 102799413                 /tools/Xilinx/Vitis_HLS/2023.2/lib/lnx64.o/libboost_serialization.so.1.72.0
7f7561196000-7f75611b1000 r-xp 00025000 103:02 102799413                 /tools/Xilinx/Vitis_HLS/2023.2/lib/lnx64.o/libboost_serialization.so.1.72.0
7f75611b1000-7f75611bf000 r--p 00040000 103:02 102799413                 /tools/Xilinx/Vitis_HLS/2023.2/lib/lnx64.o/libboost_serialization.so.1.72.0
7f75611bf000-7f75611c2000 r--p 0004d000 103:02 102799413                 /tools/Xilinx/Vitis_HLS/2023.2/lib/lnx64.o/libboost_serialization.so.1.72.0
7f75611c2000-7f75611c3000 rw-p 00050000 103:02 102799413                 /tools/Xilinx/Vitis_HLS/2023.2/lib/lnx64.o/libboost_serialization.so.1.72.0
7f75611c3000-7f7561446000 r--p 00000000 103:02 102866528                 /tools/Xilinx/Vitis_HLS/2023.2/lib/lnx64.o/libxv_hls_llvm3.1.so
7f7561446000-7f75620bf000 r-xp 00283000 103:02 102866528                 /tools/Xilinx/Vitis_HLS/2023.2/lib/lnx64.o/libxv_hls_llvm3.1.so
7f75620bf000-7f7562518000 r--p 00efc000 103:02 102866528                 /tools/Xilinx/Vitis_HLS/2023.2/lib/lnx64.o/libxv_hls_llvm3.1.so
7f7562518000-7f7562519000 ---p 01355000 103:02 102866528                 /tools/Xilinx/Vitis_HLS/2023.2/lib/lnx64.o/libxv_hls_llvm3.1.so
7f7562519000-7f75625eb000 r--p 01355000 103:02 102866528                 /tools/Xilinx/Vitis_HLS/2023.2/lib/lnx64.o/libxv_hls_llvm3.1.so
7f75625eb000-7f75625fd000 rw-p 01427000 103:02 102866528                 /tools/Xilinx/Vitis_HLS/2023.2/lib/lnx64.o/libxv_hls_llvm3.1.so
7f75625fd000-7f756260a000 rw-p 00000000 00:00 0 
7f756260a000-7f75626b2000 r--p 00000000 103:02 102835664                 /tools/Xilinx/Vitis_HLS/2023.2/lib/lnx64.o/libxv_rc_client.so
7f75626b2000-7f75627b7000 r-xp 000a8000 103:02 102835664                 /tools/Xilinx/Vitis_HLS/2023.2/lib/lnx64.o/libxv_rc_client.so
7f75627b7000-7f7562803000 r--p 001ad000 103:02 102835664                 /tools/Xilinx/Vitis_HLS/2023.2/lib/lnx64.o/libxv_rc_client.so
7f7562803000-7f7562804000 ---p 001f9000 103:02 102835664                 /tools/Xilinx/Vitis_HLS/2023.2/lib/lnx64.o/libxv_rc_client.so
7f7562804000-7f756280c000 r--p 001f9000 103:02 102835664                 /tools/Xilinx/Vitis_HLS/2023.2/lib/lnx64.o/libxv_rc_client.so
7f756280c000-7f7562811000 rw-p 00201000 103:02 102835664                 /tools/Xilinx/Vitis_HLS/2023.2/lib/lnx64.o/libxv_rc_client.so
7f7562811000-7f7562812000 rw-p 00000000 00:00 0 
7f7562812000-7f7563284000 rwxp 00000000 103:02 102942163                 /tools/Xilinx/Vitis_HLS/2023.2/lib/lnx64.o/libxv_isl_iostreams.so
7f7563284000-7f7563285000 ---p 00a72000 103:02 102942163                 /tools/Xilinx/Vitis_HLS/2023.2/lib/lnx64.o/libxv_isl_iostreams.so
7f7563285000-7f75632b0000 r--p 00a72000 103:02 102942163                 /tools/Xilinx/Vitis_HLS/2023.2/lib/lnx64.o/libxv_isl_iostreams.so
7f75632b0000-7f756348a000 rwxp 00a9d000 103:02 102942163                 /tools/Xilinx/Vitis_HLS/2023.2/lib/lnx64.o/libxv_isl_iostreams.so
7f756348a000-7f756348e000 rwxp 00000000 00:00 0 
7f756348e000-7f7563512000 ---p 00c7c000 103:02 102942163                 /tools/Xilinx/Vitis_HLS/2023.2/lib/lnx64.o/libxv_isl_iostreams.so
7f7563512000-7f7564000000 rwxp 00d00000 103:02 102942163                 /tools/Xilinx/Vitis_HLS/2023.2/lib/lnx64.o/libxv_isl_iostreams.so
7f7564000000-7f7564021000 rw-p 00000000 00:00 0 
7f7564021000-7f7568000000 ---p 00000000 00:00 0 
7f756800b000-7f7568017000 r--p 00000000 103:02 102838917                 /tools/Xilinx/Vitis_HLS/2023.2/lib/lnx64.o/libboost_iostreams.so.1.72.0
7f7568017000-7f7568020000 r-xp 0000c000 103:02 102838917                 /tools/Xilinx/Vitis_HLS/2023.2/lib/lnx64.o/libboost_iostreams.so.1.72.0
7f7568020000-7f7568024000 r--p 00015000 103:02 102838917                 /tools/Xilinx/Vitis_HLS/2023.2/lib/lnx64.o/libboost_iostreams.so.1.72.0
7f7568024000-7f7568026000 r--p 00018000 103:02 102838917                 /tools/Xilinx/Vitis_HLS/2023.2/lib/lnx64.o/libboost_iostreams.so.1.72.0
7f7568026000-7f7568027000 rw-p 0001a000 103:02 102838917                 /tools/Xilinx/Vitis_HLS/2023.2/lib/lnx64.o/libboost_iostreams.so.1.72.0
7f7568027000-7f756802f000 r--p 00000000 103:02 102838915                 /tools/Xilinx/Vitis_HLS/2023.2/lib/lnx64.o/libboost_filesystem.so.1.72.0
7f756802f000-7f756803e000 r-xp 00008000 103:02 102838915                 /tools/Xilinx/Vitis_HLS/2023.2/lib/lnx64.o/libboost_filesystem.so.1.72.0
7f756803e000-7f7568043000 r--p 00017000 103:02 102838915                 /tools/Xilinx/Vitis_HLS/2023.2/lib/lnx64.o/libboost_filesystem.so.1.72.0
7f7568043000-7f7568044000 ---p 0001c000 103:02 102838915                 /tools/Xilinx/Vitis_HLS/2023.2/lib/lnx64.o/libboost_filesystem.so.1.72.0
7f7568044000-7f7568045000 r--p 0001c000 103:02 102838915                 /tools/Xilinx/Vitis_HLS/2023.2/lib/lnx64.o/libboost_filesystem.so.1.72.0
7f7568045000-7f7568046000 rw-p 0001d000 103:02 102838915                 /tools/Xilinx/Vitis_HLS/2023.2/lib/lnx64.o/libboost_filesystem.so.1.72.0
7f7568046000-7f75680ab000 r--p 00000000 103:02 102866530                 /tools/Xilinx/Vitis_HLS/2023.2/lib/lnx64.o/libxv_rc_protocol.so
7f75680ab000-7f756810c000 r-xp 00065000 103:02 102866530                 /tools/Xilinx/Vitis_HLS/2023.2/lib/lnx64.o/libxv_rc_protocol.so
7f756810c000-7f7568132000 r--p 000c6000 103:02 102866530                 /tools/Xilinx/Vitis_HLS/2023.2/lib/lnx64.o/libxv_rc_protocol.so
7f7568132000-7f7568133000 ---p 000ec000 103:02 102866530                 /tools/Xilinx/Vitis_HLS/2023.2/lib/lnx64.o/libxv_rc_protocol.so
7f7568133000-7f756813b000 r--p 000ec000 103:02 102866530                 /tools/Xilinx/Vitis_HLS/2023.2/lib/lnx64.o/libxv_rc_protocol.so
7f756813b000-7f756813e000 rw-p 000f4000 103:02 102866530                 /tools/Xilinx/Vitis_HLS/2023.2/lib/lnx64.o/libxv_rc_protocol.so
7f756813e000-7f756813f000 rw-p 00000000 00:00 0 
7f756813f000-7f7568237000 r--p 00000000 103:02 102891218                 /tools/Xilinx/Vitis_HLS/2023.2/lib/lnx64.o/libxv_cd_protocol.so
7f7568237000-7f7568310000 r-xp 000f8000 103:02 102891218                 /tools/Xilinx/Vitis_HLS/2023.2/lib/lnx64.o/libxv_cd_protocol.so
7f7568310000-7f756836f000 r--p 001d1000 103:02 102891218                 /tools/Xilinx/Vitis_HLS/2023.2/lib/lnx64.o/libxv_cd_protocol.so
7f756836f000-7f7568370000 ---p 00230000 103:02 102891218                 /tools/Xilinx/Vitis_HLS/2023.2/lib/lnx64.o/libxv_cd_protocol.so
7f7568370000-7f7568381000 r--p 00230000 103:02 102891218                 /tools/Xilinx/Vitis_HLS/2023.2/lib/lnx64.o/libxv_cd_protocol.so
7f7568381000-7f7568388000 rw-p 00241000 103:02 102891218                 /tools/Xilinx/Vitis_HLS/2023.2/lib/lnx64.o/libxv_cd_protocol.so
7f7568388000-7f756838c000 rw-p 00000000 00:00 0 
7f756838c000-7f756890f000 r--p 00000000 103:02 102838908                 /tools/Xilinx/Vitis_HLS/2023.2/lib/lnx64.o/libxv_verific.so
7f756890f000-7f7569073000 r-xp 00583000 103:02 102838908                 /tools/Xilinx/Vitis_HLS/2023.2/lib/lnx64.o/libxv_verific.so
7f7569073000-7f75693c3000 r--p 00ce7000 103:02 102838908                 /tools/Xilinx/Vitis_HLS/2023.2/lib/lnx64.o/libxv_verific.so
7f75693c3000-7f75694ca000 r--p 01036000 103:02 102838908                 /tools/Xilinx/Vitis_HLS/2023.2/lib/lnx64.o/libxv_verific.so
7f75694ca000-7f75694d9000 rw-p 0113d000 103:02 102838908                 /tools/Xilinx/Vitis_HLS/2023.2/lib/lnx64.o/libxv_verific.so
7f75694d9000-7f75694dc000 rw-p 00000000 00:00 0 
7f75694dc000-7f7569526000 r--p 00000000 103:02 102987603                 /tools/Xilinx/Vitis_HLS/2023.2/lib/lnx64.o/libxv_commonxillic.so
7f7569526000-7f7569750000 r-xp 0004a000 103:02 102987603                 /tools/Xilinx/Vitis_HLS/2023.2/lib/lnx64.o/libxv_commonxillic.so
7f7569750000-7f756980d000 r--p 00274000 103:02 102987603                 /tools/Xilinx/Vitis_HLS/2023.2/lib/lnx64.o/libxv_commonxillic.so
7f756980d000-7f7569837000 r--p 00330000 103:02 102987603                 /tools/Xilinx/Vitis_HLS/2023.2/lib/lnx64.o/libxv_commonxillic.so
7f7569837000-7f756983e000 rw-p 0035a000 103:02 102987603                 /tools/Xilinx/Vitis_HLS/2023.2/lib/lnx64.o/libxv_commonxillic.so
7f756983e000-7f7569841000 rw-p 00000000 00:00 0 
7f7569841000-7f75698f1000 r--p 00000000 103:02 102891222                 /tools/Xilinx/Vitis_HLS/2023.2/lib/lnx64.o/libxv_sio.so
7f75698f1000-7f7569b10000 r-xp 000b0000 103:02 102891222                 /tools/Xilinx/Vitis_HLS/2023.2/lib/lnx64.o/libxv_sio.so
7f7569b10000-7f7569bc8000 r--p 002cf000 103:02 102891222                 /tools/Xilinx/Vitis_HLS/2023.2/lib/lnx64.o/libxv_sio.so
7f7569bc8000-7f7569bc9000 ---p 00387000 103:02 102891222                 /tools/Xilinx/Vitis_HLS/2023.2/lib/lnx64.o/libxv_sio.so
7f7569bc9000-7f7569bf0000 r--p 00387000 103:02 102891222                 /tools/Xilinx/Vitis_HLS/2023.2/lib/lnx64.o/libxv_sio.so
7f7569bf0000-7f7569bf7000 rw-p 003ae000 103:02 102891222                 /tools/Xilinx/Vitis_HLS/2023.2/lib/lnx64.o/libxv_sio.so
7f7569bf7000-7f7569bfa000 rw-p 00000000 00:00 0 
7f7569bfa000-7f7569f1d000 r--p 00000000 103:02 102799340                 /tools/Xilinx/Vitis_HLS/2023.2/lib/lnx64.o/libxv_common.so
7f7569f1d000-7f756a6f7000 r-xp 00323000 103:02 102799340                 /tools/Xilinx/Vitis_HLS/2023.2/lib/lnx64.o/libxv_common.so
7f756a6f7000-7f756a960000 r--p 00afd000 103:02 102799340                 /tools/Xilinx/Vitis_HLS/2023.2/lib/lnx64.o/libxv_common.so
7f756a960000-7f756a961000 ---p 00d66000 103:02 102799340                 /tools/Xilinx/Vitis_HLS/2023.2/lib/lnx64.o/libxv_common.so
7f756a961000-7f756a98d000 r--p 00d66000 103:02 102799340                 /tools/Xilinx/Vitis_HLS/2023.2/lib/lnx64.o/libxv_common.so
7f756a98d000-7f756a9a7000 rw-p 00d92000 103:02 102799340                 /tools/Xilinx/Vitis_HLS/2023.2/lib/lnx64.o/libxv_common.so
7f756a9a7000-7f756a9b7000 rw-p 00000000 00:00 0 
7f756a9b7000-7f756aa73000 r--p 00000000 103:02 102799338                 /tools/Xilinx/Vitis_HLS/2023.2/lib/lnx64.o/libxv_ceam.so
7f756aa73000-7f756ab6e000 r-xp 000bc000 103:02 102799338                 /tools/Xilinx/Vitis_HLS/2023.2/lib/lnx64.o/libxv_ceam.so
7f756ab6e000-7f756abc6000 r--p 001b7000 103:02 102799338                 /tools/Xilinx/Vitis_HLS/2023.2/lib/lnx64.o/libxv_ceam.so
7f756abc6000-7f756abd5000 r--p 0020e000 103:02 102799338                 /tools/Xilinx/Vitis_HLS/2023.2/lib/lnx64.o/libxv_ceam.so
7f756abd5000-7f756abd8000 rw-p 0021d000 103:02 102799338                 /tools/Xilinx/Vitis_HLS/2023.2/lib/lnx64.o/libxv_ceam.so
7f756abd8000-7f756abda000 rw-p 00000000 00:00 0 
7f756abda000-7f756afee000 r--p 00000000 103:02 102987605                 /tools/Xilinx/Vitis_HLS/2023.2/lib/lnx64.o/libxv_device.so
7f756afee000-7f756bc5b000 r-xp 00414000 103:02 102987605                 /tools/Xilinx/Vitis_HLS/2023.2/lib/lnx64.o/libxv_device.so
7f756bc5b000-7f756bf8a000 r--p 01081000 103:02 102987605                 /tools/Xilinx/Vitis_HLS/2023.2/lib/lnx64.o/libxv_device.so
7f756bf8a000-7f756bf8b000 ---p 013b0000 103:02 102987605                 /tools/Xilinx/Vitis_HLS/2023.2/lib/lnx64.o/libxv_device.so
7f756bf8b000-7f756bfb9000 r--p 013b0000 103:02 102987605                 /tools/Xilinx/Vitis_HLS/2023.2/lib/lnx64.o/libxv_device.so
7f756bfb9000-7f756bfd7000 rw-p 013de000 103:02 102987605                 /tools/Xilinx/Vitis_HLS/2023.2/lib/lnx64.o/libxv_device.so
7f756bfd7000-7f756c000000 rw-p 00000000 00:00 0 
7f756c000000-7f756c021000 rw-p 00000000 00:00 0 
7f756c021000-7f7570000000 ---p 00000000 00:00 0 
7f7570015000-7f7570027000 r--p 00000000 103:02 102987625                 /tools/Xilinx/Vitis_HLS/2023.2/lib/lnx64.o/libboost_thread.so.1.72.0
7f7570027000-7f7570035000 r-xp 00012000 103:02 102987625                 /tools/Xilinx/Vitis_HLS/2023.2/lib/lnx64.o/libboost_thread.so.1.72.0
7f7570035000-7f757003b000 r--p 00020000 103:02 102987625                 /tools/Xilinx/Vitis_HLS/2023.2/lib/lnx64.o/libboost_thread.so.1.72.0
7f757003b000-7f757003e000 r--p 00025000 103:02 102987625                 /tools/Xilinx/Vitis_HLS/2023.2/lib/lnx64.o/libboost_thread.so.1.72.0
7f757003e000-7f757003f000 rw-p 00028000 103:02 102987625                 /tools/Xilinx/Vitis_HLS/2023.2/lib/lnx64.o/libboost_thread.so.1.72.0
7f757003f000-7f7570047000 r--p 00000000 103:02 102838913                 /tools/Xilinx/Vitis_HLS/2023.2/lib/lnx64.o/libboost_coroutine.so.1.72.0
7f7570047000-7f7570055000 r-xp 00008000 103:02 102838913                 /tools/Xilinx/Vitis_HLS/2023.2/lib/lnx64.o/libboost_coroutine.so.1.72.0
7f7570055000-7f7570059000 r--p 00016000 103:02 102838913                 /tools/Xilinx/Vitis_HLS/2023.2/lib/lnx64.o/libboost_coroutine.so.1.72.0
7f7570059000-7f757005a000 ---p 0001a000 103:02 102838913                 /tools/Xilinx/Vitis_HLS/2023.2/lib/lnx64.o/libboost_coroutine.so.1.72.0
7f757005a000-7f757005b000 r--p 0001a000 103:02 102838913                 /tools/Xilinx/Vitis_HLS/2023.2/lib/lnx64.o/libboost_coroutine.so.1.72.0
7f757005b000-7f757005c000 rw-p 0001b000 103:02 102838913                 /tools/Xilinx/Vitis_HLS/2023.2/lib/lnx64.o/libboost_coroutine.so.1.72.0
7f757005c000-7f7570079000 r--p 00000000 103:02 102987618                 /tools/Xilinx/Vitis_HLS/2023.2/lib/lnx64.o/libboost_graph.so.1.72.0
7f7570079000-7f75700a3000 r-xp 0001d000 103:02 102987618                 /tools/Xilinx/Vitis_HLS/2023.2/lib/lnx64.o/libboost_graph.so.1.72.0
7f75700a3000-7f75700af000 r--p 00047000 103:02 102987618                 /tools/Xilinx/Vitis_HLS/2023.2/lib/lnx64.o/libboost_graph.so.1.72.0
7f75700af000-7f75700b0000 ---p 00053000 103:02 102987618                 /tools/Xilinx/Vitis_HLS/2023.2/lib/lnx64.o/libboost_graph.so.1.72.0
7f75700b0000-7f75700b3000 r--p 00053000 103:02 102987618                 /tools/Xilinx/Vitis_HLS/2023.2/lib/lnx64.o/libboost_graph.so.1.72.0
7f75700b3000-7f75700b4000 rw-p 00056000 103:02 102987618                 /tools/Xilinx/Vitis_HLS/2023.2/lib/lnx64.o/libboost_graph.so.1.72.0
7f75700b4000-7f75700e9000 r--p 00000000 103:02 102986192                 /tools/Xilinx/Vitis_HLS/2023.2/lib/lnx64.o/libxv_cd_client.so
7f75700e9000-7f7570141000 r-xp 00035000 103:02 102986192                 /tools/Xilinx/Vitis_HLS/2023.2/lib/lnx64.o/libxv_cd_client.so
7f7570141000-7f7570158000 r--p 0008d000 103:02 102986192                 /tools/Xilinx/Vitis_HLS/2023.2/lib/lnx64.o/libxv_cd_client.so
7f7570158000-7f7570159000 ---p 000a4000 103:02 102986192                 /tools/Xilinx/Vitis_HLS/2023.2/lib/lnx64.o/libxv_cd_client.so
7f7570159000-7f757015d000 r--p 000a4000 103:02 102986192                 /tools/Xilinx/Vitis_HLS/2023.2/lib/lnx64.o/libxv_cd_client.so
7f757015d000-7f757015f000 rw-p 000a8000 103:02 102986192                 /tools/Xilinx/Vitis_HLS/2023.2/lib/lnx64.o/libxv_cd_client.so
7f757015f000-7f7570160000 rw-p 00000000 00:00 0 
7f7570160000-7f75701c6000 r--p 00000000 103:02 102891217                 /tools/Xilinx/Vitis_HLS/2023.2/lib/lnx64.o/libxv_board.so
7f75701c6000-7f75702f2000 r-xp 00066000 103:02 102891217                 /tools/Xilinx/Vitis_HLS/2023.2/lib/lnx64.o/libxv_board.so
7f75702f2000-7f757033f000 r--p 00192000 103:02 102891217                 /tools/Xilinx/Vitis_HLS/2023.2/lib/lnx64.o/libxv_board.so
7f757033f000-7f7570340000 ---p 001df000 103:02 102891217                 /tools/Xilinx/Vitis_HLS/2023.2/lib/lnx64.o/libxv_board.so
7f7570340000-7f7570346000 r--p 001df000 103:02 102891217                 /tools/Xilinx/Vitis_HLS/2023.2/lib/lnx64.o/libxv_board.so
7f7570346000-7f757034a000 rw-p 001e5000 103:02 102891217                 /tools/Xilinx/Vitis_HLS/2023.2/lib/lnx64.o/libxv_board.so
7f757034a000-7f7570352000 rw-p 00000000 00:00 0 
7f7570352000-7f7570370000 r--p 00000000 103:02 102835717                 /tools/Xilinx/Vitis_HLS/2023.2/lib/lnx64.o/libxv_boarddep.so
7f7570370000-7f75703c0000 r-xp 0001e000 103:02 102835717                 /tools/Xilinx/Vitis_HLS/2023.2/lib/lnx64.o/libxv_boarddep.so
7f75703c0000-7f75703d2000 r--p 0006e000 103:02 102835717                 /tools/Xilinx/Vitis_HLS/2023.2/lib/lnx64.o/libxv_boarddep.so
7f75703d2000-7f75703d4000 r--p 0007f000 103:02 102835717                 /tools/Xilinx/Vitis_HLS/2023.2/lib/lnx64.o/libxv_boarddep.so
7f75703d4000-7f75703d6000 rw-p 00081000 103:02 102835717                 /tools/Xilinx/Vitis_HLS/2023.2/lib/lnx64.o/libxv_boarddep.so
7f75703d6000-7f757040b000 r--p 00000000 103:02 102891221                 /tools/Xilinx/Vitis_HLS/2023.2/lib/lnx64.o/libxv_simbridge_kernel.so
7f757040b000-7f7570463000 r-xp 00035000 103:02 102891221                 /tools/Xilinx/Vitis_HLS/2023.2/lib/lnx64.o/libxv_simbridge_kernel.so
7f7570463000-7f7570484000 r--p 0008d000 103:02 102891221                 /tools/Xilinx/Vitis_HLS/2023.2/lib/lnx64.o/libxv_simbridge_kernel.so
7f7570484000-7f7570488000 r--p 000ad000 103:02 102891221                 /tools/Xilinx/Vitis_HLS/2023.2/lib/lnx64.o/libxv_simbridge_kernel.so
7f7570488000-7f757048a000 rw-p 000b1000 103:02 102891221                 /tools/Xilinx/Vitis_HLS/2023.2/lib/lnx64.o/libxv_simbridge_kernel.so
7f757048a000-7f757048f000 rw-p 00000000 00:00 0 
7f757048f000-7f7570606000 r--p 00000000 103:02 102967757                 /tools/Xilinx/Vitis_HLS/2023.2/lib/lnx64.o/libxv_wavedata.so
7f7570606000-7f75708c0000 r-xp 00177000 103:02 102967757                 /tools/Xilinx/Vitis_HLS/2023.2/lib/lnx64.o/libxv_wavedata.so
7f75708c0000-7f757099d000 r--p 00431000 103:02 102967757                 /tools/Xilinx/Vitis_HLS/2023.2/lib/lnx64.o/libxv_wavedata.so
7f757099d000-7f75709bf000 r--p 0050d000 103:02 102967757                 /tools/Xilinx/Vitis_HLS/2023.2/lib/lnx64.o/libxv_wavedata.so
7f75709bf000-7f75709c8000 rw-p 0052f000 103:02 102967757                 /tools/Xilinx/Vitis_HLS/2023.2/lib/lnx64.o/libxv_wavedata.so
7f75709c8000-7f75709e7000 rw-p 00000000 00:00 0 
7f75709e7000-7f7570c0c000 r--p 00000000 103:02 102891219                 /tools/Xilinx/Vitis_HLS/2023.2/lib/lnx64.o/libxv_commontasks.so
7f7570c0c000-7f7570f54000 r-xp 00225000 103:02 102891219                 /tools/Xilinx/Vitis_HLS/2023.2/lib/lnx64.o/libxv_commontasks.so
7f7570f54000-7f75710d8000 r--p 0056d000 103:02 102891219                 /tools/Xilinx/Vitis_HLS/2023.2/lib/lnx64.o/libxv_commontasks.so
7f75710d8000-7f75710d9000 ---p 006f1000 103:02 102891219                 /tools/Xilinx/Vitis_HLS/2023.2/lib/lnx64.o/libxv_commontasks.so
7f75710d9000-7f75711f0000 r--p 006f1000 103:02 102891219                 /tools/Xilinx/Vitis_HLS/2023.2/lib/lnx64.o/libxv_commontasks.so
7f75711f0000-7f75711f5000 rw-p 00808000 103:02 102891219                 /tools/Xilinx/Vitis_HLS/2023.2/lib/lnx64.o/libxv_commontasks.so
7f75711f5000-7f7571207000 rw-p 00000000 00:00 0 
7f7571207000-7f7571233000 r--p 00000000 103:02 102866529                 /tools/Xilinx/Vitis_HLS/2023.2/lib/lnx64.o/libxv_hls_support.so
7f7571233000-7f75712a7000 r-xp 0002c000 103:02 102866529                 /tools/Xilinx/Vitis_HLS/2023.2/lib/lnx64.o/libxv_hls_support.so
7f75712a7000-7f75712c3000 r--p 000a0000 103:02 102866529                 /tools/Xilinx/Vitis_HLS/2023.2/lib/lnx64.o/libxv_hls_support.so
7f75712c3000-7f75712c6000 r--p 000bb000 103:02 102866529                 /tools/Xilinx/Vitis_HLS/2023.2/lib/lnx64.o/libxv_hls_support.so
7f75712c6000-7f75712c8000 rw-p 000be000 103:02 102866529                 /tools/Xilinx/Vitis_HLS/2023.2/lib/lnx64.o/libxv_hls_support.so
7f75712c8000-7f75712cb000 rw-p 00000000 00:00 0 
7f75712cb000-7f75717de000 r--p 00000000 103:02 102828834                 /tools/Xilinx/Vitis_HLS/2023.2/lib/lnx64.o/libxv_hls_hwsyn.so
7f75717de000-7f7572687000 r-xp 00513000 103:02 102828834                 /tools/Xilinx/Vitis_HLS/2023.2/lib/lnx64.o/libxv_hls_hwsyn.so
7f7572687000-7f757298e000 r--p 013bc000 103:02 102828834                 /tools/Xilinx/Vitis_HLS/2023.2/lib/lnx64.o/libxv_hls_hwsyn.so
7f757298e000-7f757298f000 ---p 016c3000 103:02 102828834                 /tools/Xilinx/Vitis_HLS/2023.2/lib/lnx64.o/libxv_hls_hwsyn.so
7f757298f000-7f75729df000 r--p 016c3000 103:02 102828834                 /tools/Xilinx/Vitis_HLS/2023.2/lib/lnx64.o/libxv_hls_hwsyn.so
7f75729df000-7f75729fc000 rw-p 01713000 103:02 102828834                 /tools/Xilinx/Vitis_HLS/2023.2/lib/lnx64.o/libxv_hls_hwsyn.so
7f75729fc000-7f7572ada000 rw-p 00000000 00:00 0 
7f7572ada000-7f7572b39000 r--p 00000000 103:02 102868900                 /tools/Xilinx/Vitis_HLS/2023.2/lib/lnx64.o/libxv_hls_main.so
7f7572b39000-7f7572c69000 r-xp 0005f000 103:02 102868900                 /tools/Xilinx/Vitis_HLS/2023.2/lib/lnx64.o/libxv_hls_main.so
7f7572c69000-7f7572cb5000 r--p 0018f000 103:02 102868900                 /tools/Xilinx/Vitis_HLS/2023.2/lib/lnx64.o/libxv_hls_main.so
7f7572cb5000-7f7572cbf000 r--p 001da000 103:02 102868900                 /tools/Xilinx/Vitis_HLS/2023.2/lib/lnx64.o/libxv_hls_main.so
7f7572cbf000-7f7572cc2000 rw-p 001e4000 103:02 102868900                 /tools/Xilinx/Vitis_HLS/2023.2/lib/lnx64.o/libxv_hls_main.so
7f7572cc2000-7f7572cfe000 rw-p 00000000 00:00 0 
7f7572cfe000-7f7572cff000 ---p 00000000 00:00 0 
7f7572cff000-7f75734ff000 rw-p 00000000 00:00 0 
7f75734ff000-7f7573509000 r-xp 00000000 103:02 26089630                  /home/zjnyly/.Xilinx/vitis_hls/2023.2/workspace2/org.eclipse.osgi/242/0/.cp/libswt-cairo-gtk-4932r18.so
7f7573509000-7f7573708000 ---p 0000a000 103:02 26089630                  /home/zjnyly/.Xilinx/vitis_hls/2023.2/workspace2/org.eclipse.osgi/242/0/.cp/libswt-cairo-gtk-4932r18.so
7f7573708000-7f7573709000 r--p 00009000 103:02 26089630                  /home/zjnyly/.Xilinx/vitis_hls/2023.2/workspace2/org.eclipse.osgi/242/0/.cp/libswt-cairo-gtk-4932r18.so
7f7573709000-7f757370a000 rw-p 0000a000 103:02 26089630                  /home/zjnyly/.Xilinx/vitis_hls/2023.2/workspace2/org.eclipse.osgi/242/0/.cp/libswt-cairo-gtk-4932r18.so
7f757370a000-7f757378a000 rw-p 00000000 00:00 0 
7f757378a000-7f757390a000 ---p 00000000 00:00 0 
7f757390a000-7f7573974000 r-xp 00000000 103:02 26089629                  /home/zjnyly/.Xilinx/vitis_hls/2023.2/workspace2/org.eclipse.osgi/242/0/.cp/libswt-pi3-gtk-4932r18.so
7f7573974000-7f7573b73000 ---p 0006a000 103:02 26089629                  /home/zjnyly/.Xilinx/vitis_hls/2023.2/workspace2/org.eclipse.osgi/242/0/.cp/libswt-pi3-gtk-4932r18.so
7f7573b73000-7f7573b74000 r--p 00069000 103:02 26089629                  /home/zjnyly/.Xilinx/vitis_hls/2023.2/workspace2/org.eclipse.osgi/242/0/.cp/libswt-pi3-gtk-4932r18.so
7f7573b74000-7f7573b77000 rw-p 0006a000 103:02 26089629                  /home/zjnyly/.Xilinx/vitis_hls/2023.2/workspace2/org.eclipse.osgi/242/0/.cp/libswt-pi3-gtk-4932r18.so
7f7573b77000-7f7573b78000 rw-p 00000000 00:00 0 
7f7573b78000-7f7573bf6000 r-xp 00000000 103:02 26089628                  /home/zjnyly/.Xilinx/vitis_hls/2023.2/workspace2/org.eclipse.osgi/242/0/.cp/libswt-gtk-4932r18.so
7f7573bf6000-7f7573df5000 ---p 0007e000 103:02 26089628                  /home/zjnyly/.Xilinx/vitis_hls/2023.2/workspace2/org.eclipse.osgi/242/0/.cp/libswt-gtk-4932r18.so
7f7573df5000-7f7573df6000 r--p 0007d000 103:02 26089628                  /home/zjnyly/.Xilinx/vitis_hls/2023.2/workspace2/org.eclipse.osgi/242/0/.cp/libswt-gtk-4932r18.so
7f7573df6000-7f7573dfd000 rw-p 0007e000 103:02 26089628                  /home/zjnyly/.Xilinx/vitis_hls/2023.2/workspace2/org.eclipse.osgi/242/0/.cp/libswt-gtk-4932r18.so
7f7573dfd000-7f7574000000 rw-p 00000000 00:00 0 
7f7574000000-7f7574438000 rw-p 00000000 00:00 0 
7f7574438000-7f7578000000 ---p 00000000 00:00 0 
7f7578000000-7f7578021000 rw-p 00000000 00:00 0 
7f7578021000-7f757c000000 ---p 00000000 00:00 0 
7f757c000000-7f757c021000 rw-p 00000000 00:00 0 
7f757c021000-7f7580000000 ---p 00000000 00:00 0 
7f7580000000-7f758008c000 rw-p 00000000 00:00 0 
7f758008c000-7f7584000000 ---p 00000000 00:00 0 
7f7584000000-7f7584021000 rw-p 00000000 00:00 0 
7f7584021000-7f7588000000 ---p 00000000 00:00 0 
7f7588000000-7f7588021000 rw-p 00000000 00:00 0 
7f7588021000-7f758c000000 ---p 00000000 00:00 0 
7f758c000000-7f758c021000 rw-p 00000000 00:00 0 
7f758c021000-7f7590000000 ---p 00000000 00:00 0 
7f7590000000-7f7590021000 rw-p 00000000 00:00 0 
7f7590021000-7f7594000000 ---p 00000000 00:00 0 
7f7594000000-7f759476c000 rw-p 00000000 00:00 0 
7f759476c000-7f7598000000 ---p 00000000 00:00 0 
7f7598000000-7f7598334000 rw-p 00000000 00:00 0 
7f7598334000-7f759c000000 ---p 00000000 00:00 0 
7f759c000000-7f759c021000 rw-p 00000000 00:00 0 
7f759c021000-7f75a0000000 ---p 00000000 00:00 0 
7f75a0000000-7f75a0021000 rw-p 00000000 00:00 0 
7f75a0021000-7f75a4000000 ---p 00000000 00:00 0 
7f75a4000000-7f75a4021000 rw-p 00000000 00:00 0 
7f75a4021000-7f75a8000000 ---p 00000000 00:00 0 
7f75a8000000-7f75a8021000 rw-p 00000000 00:00 0 
7f75a8021000-7f75ac000000 ---p 00000000 00:00 0 
7f75ac000000-7f75ac021000 rw-p 00000000 00:00 0 
7f75ac021000-7f75b0000000 ---p 00000000 00:00 0 
7f75b0000000-7f75b0021000 rw-p 00000000 00:00 0 
7f75b0021000-7f75b4000000 ---p 00000000 00:00 0 
7f75b4000000-7f75b4021000 rw-p 00000000 00:00 0 
7f75b4021000-7f75b8000000 ---p 00000000 00:00 0 
7f75b8000000-7f75b8021000 rw-p 00000000 00:00 0 
7f75b8021000-7f75bc000000 ---p 00000000 00:00 0 
7f75bc000000-7f75bc021000 rw-p 00000000 00:00 0 
7f75bc021000-7f75c0000000 ---p 00000000 00:00 0 
7f75c0000000-7f75c0021000 rw-p 00000000 00:00 0 
7f75c0021000-7f75c4000000 ---p 00000000 00:00 0 
7f75c4000000-7f75c4021000 rw-p 00000000 00:00 0 
7f75c4021000-7f75c8000000 ---p 00000000 00:00 0 
7f75c8000000-7f75c8c74000 rw-p 00000000 00:00 0 
7f75c8c74000-7f75cc000000 ---p 00000000 00:00 0 
7f75cc000000-7f75cc021000 rw-p 00000000 00:00 0 
7f75cc021000-7f75d0000000 ---p 00000000 00:00 0 
7f75d0000000-7f75d0021000 rw-p 00000000 00:00 0 
7f75d0021000-7f75d4000000 ---p 00000000 00:00 0 
7f75d4000000-7f75d4021000 rw-p 00000000 00:00 0 
7f75d4021000-7f75d8000000 ---p 00000000 00:00 0 
7f75d8000000-7f75d8021000 rw-p 00000000 00:00 0 
7f75d8021000-7f75dc000000 ---p 00000000 00:00 0 
7f75dc000000-7f75dc021000 rw-p 00000000 00:00 0 
7f75dc021000-7f75e0000000 ---p 00000000 00:00 0 
7f75e0000000-7f75e0021000 rw-p 00000000 00:00 0 
7f75e0021000-7f75e4000000 ---p 00000000 00:00 0 
7f75e4000000-7f75e4021000 rw-p 00000000 00:00 0 
7f75e4021000-7f75e8000000 ---p 00000000 00:00 0 
7f75e8000000-7f75e8021000 rw-p 00000000 00:00 0 
7f75e8021000-7f75ec000000 ---p 00000000 00:00 0 
7f75ec000000-7f75ec021000 rw-p 00000000 00:00 0 
7f75ec021000-7f75f0000000 ---p 00000000 00:00 0 
7f75f0000000-7f75f0021000 rw-p 00000000 00:00 0 
7f75f0021000-7f75f4000000 ---p 00000000 00:00 0 
7f75f4000000-7f75f48ab000 rw-p 00000000 00:00 0 
7f75f48ab000-7f75f8000000 ---p 00000000 00:00 0 
7f75f8000000-7f75f8043000 rw-p 00000000 00:00 0 
7f75f8043000-7f75fc000000 ---p 00000000 00:00 0 
7f75fc000000-7f75fc021000 rw-p 00000000 00:00 0 
7f75fc021000-7f7600000000 ---p 00000000 00:00 0 
7f7600000000-7f7600081000 rw-p 00000000 00:00 0 
7f7600081000-7f7604000000 ---p 00000000 00:00 0 
7f7604000000-7f7604021000 rw-p 00000000 00:00 0 
7f7604021000-7f7608000000 ---p 00000000 00:00 0 
7f7608000000-7f7608021000 rw-p 00000000 00:00 0 
7f7608021000-7f760c000000 ---p 00000000 00:00 0 
7f760c000000-7f760c021000 rw-p 00000000 00:00 0 
7f760c021000-7f7610000000 ---p 00000000 00:00 0 
7f7610000000-7f7610021000 rw-p 00000000 00:00 0 
7f7610021000-7f7614000000 ---p 00000000 00:00 0 
7f7614000000-7f7614021000 rw-p 00000000 00:00 0 
7f7614021000-7f7618000000 ---p 00000000 00:00 0 
7f7618000000-7f7618021000 rw-p 00000000 00:00 0 
7f7618021000-7f761c000000 ---p 00000000 00:00 0 
7f761c000000-7f761c021000 rw-p 00000000 00:00 0 
7f761c021000-7f7620000000 ---p 00000000 00:00 0 
7f7620000000-7f7620021000 rw-p 00000000 00:00 0 
7f7620021000-7f7624000000 ---p 00000000 00:00 0 
7f7624000000-7f7624021000 rw-p 00000000 00:00 0 
7f7624021000-7f7628000000 ---p 00000000 00:00 0 
7f7628000000-7f7628021000 rw-p 00000000 00:00 0 
7f7628021000-7f762c000000 ---p 00000000 00:00 0 
7f762c000000-7f762c021000 rw-p 00000000 00:00 0 
7f762c021000-7f7630000000 ---p 00000000 00:00 0 
7f7630000000-7f7630021000 rw-p 00000000 00:00 0 
7f7630021000-7f7634000000 ---p 00000000 00:00 0 
7f7634000000-7f7634021000 rw-p 00000000 00:00 0 
7f7634021000-7f7638000000 ---p 00000000 00:00 0 
7f7638000000-7f7638021000 rw-p 00000000 00:00 0 
7f7638021000-7f763c000000 ---p 00000000 00:00 0 
7f763c000000-7f763c021000 rw-p 00000000 00:00 0 
7f763c021000-7f7640000000 ---p 00000000 00:00 0 
7f7640000000-7f7640021000 rw-p 00000000 00:00 0 
7f7640021000-7f7644000000 ---p 00000000 00:00 0 
7f7644000000-7f7645326000 rw-p 00000000 00:00 0 
7f7645326000-7f7648000000 ---p 00000000 00:00 0 
7f7648000000-7f7648021000 rw-p 00000000 00:00 0 
7f7648021000-7f764c000000 ---p 00000000 00:00 0 
7f764c000000-7f764d5db000 rw-p 00000000 00:00 0 
7f764d5db000-7f7650000000 ---p 00000000 00:00 0 
7f7650000000-7f7651037000 rw-p 00000000 00:00 0 
7f7651037000-7f7654000000 ---p 00000000 00:00 0 
7f7654000000-7f7654021000 rw-p 00000000 00:00 0 
7f7654021000-7f7658000000 ---p 00000000 00:00 0 
7f7658007000-7f765801d000 r--p 00000000 103:02 102838906                 /tools/Xilinx/Vitis_HLS/2023.2/lib/lnx64.o/libxv_isl_sysinfo.so
7f765801d000-7f7658038000 r-xp 00016000 103:02 102838906                 /tools/Xilinx/Vitis_HLS/2023.2/lib/lnx64.o/libxv_isl_sysinfo.so
7f7658038000-7f7658040000 r--p 00031000 103:02 102838906                 /tools/Xilinx/Vitis_HLS/2023.2/lib/lnx64.o/libxv_isl_sysinfo.so
7f7658040000-7f7658042000 r--p 00038000 103:02 102838906                 /tools/Xilinx/Vitis_HLS/2023.2/lib/lnx64.o/libxv_isl_sysinfo.so
7f7658042000-7f7658043000 rw-p 0003a000 103:02 102838906                 /tools/Xilinx/Vitis_HLS/2023.2/lib/lnx64.o/libxv_isl_sysinfo.so
7f7658043000-7f7658047000 ---p 00000000 00:00 0 
7f7658047000-7f7658144000 rw-p 00000000 00:00 0 
7f7658144000-7f7658148000 ---p 00000000 00:00 0 
7f7658148000-7f7658245000 rw-p 00000000 00:00 0 
7f7658245000-7f7658249000 ---p 00000000 00:00 0 
7f7658249000-7f7658346000 rw-p 00000000 00:00 0 
7f7658346000-7f765834a000 ---p 00000000 00:00 0 
7f765834a000-7f7658447000 rw-p 00000000 00:00 0 
7f7658447000-7f765844b000 ---p 00000000 00:00 0 
7f765844b000-7f7658748000 rw-p 00000000 00:00 0 
7f7658748000-7f7658749000 ---p 00000000 00:00 0 
7f7658749000-7f765884a000 rw-p 00000000 00:00 0 
7f765884a000-7f765884b000 ---p 00000000 00:00 0 
7f765884b000-7f7658b38000 rw-p 00000000 00:00 0 
7f7658b38000-7f7658b4c000 ---p 00000000 00:00 0 
7f7658b4d000-7f7658b4f000 r--p 00000000 103:02 102799404                 /tools/Xilinx/Vitis_HLS/2023.2/lib/lnx64.o/libboost_context.so.1.72.0
7f7658b4f000-7f7658b56000 r-xp 00002000 103:02 102799404                 /tools/Xilinx/Vitis_HLS/2023.2/lib/lnx64.o/libboost_context.so.1.72.0
7f7658b56000-7f7658b58000 r--p 00009000 103:02 102799404                 /tools/Xilinx/Vitis_HLS/2023.2/lib/lnx64.o/libboost_context.so.1.72.0
7f7658b58000-7f7658b59000 r--p 0000a000 103:02 102799404                 /tools/Xilinx/Vitis_HLS/2023.2/lib/lnx64.o/libboost_context.so.1.72.0
7f7658b59000-7f7658b5a000 rw-p 0000b000 103:02 102799404                 /tools/Xilinx/Vitis_HLS/2023.2/lib/lnx64.o/libboost_context.so.1.72.0
7f7658b5a000-7f7658b5f000 r--p 00000000 103:02 102987613                 /tools/Xilinx/Vitis_HLS/2023.2/lib/lnx64.o/libboost_chrono.so.1.72.0
7f7658b5f000-7f7658b63000 r-xp 00005000 103:02 102987613                 /tools/Xilinx/Vitis_HLS/2023.2/lib/lnx64.o/libboost_chrono.so.1.72.0
7f7658b63000-7f7658b65000 r--p 00009000 103:02 102987613                 /tools/Xilinx/Vitis_HLS/2023.2/lib/lnx64.o/libboost_chrono.so.1.72.0
7f7658b65000-7f7658b66000 ---p 0000b000 103:02 102987613                 /tools/Xilinx/Vitis_HLS/2023.2/lib/lnx64.o/libboost_chrono.so.1.72.0
7f7658b66000-7f7658b67000 r--p 0000b000 103:02 102987613                 /tools/Xilinx/Vitis_HLS/2023.2/lib/lnx64.o/libboost_chrono.so.1.72.0
7f7658b67000-7f7658b68000 rw-p 0000c000 103:02 102987613                 /tools/Xilinx/Vitis_HLS/2023.2/lib/lnx64.o/libboost_chrono.so.1.72.0
7f7658b68000-7f7658b75000 r--p 00000000 103:02 102987607                 /tools/Xilinx/Vitis_HLS/2023.2/lib/lnx64.o/libxv_isl_iosutils.so
7f7658b75000-7f7658b82000 r-xp 0000d000 103:02 102987607                 /tools/Xilinx/Vitis_HLS/2023.2/lib/lnx64.o/libxv_isl_iosutils.so
7f7658b82000-7f7658b87000 r--p 0001a000 103:02 102987607                 /tools/Xilinx/Vitis_HLS/2023.2/lib/lnx64.o/libxv_isl_iosutils.so
7f7658b87000-7f7658b89000 r--p 0001e000 103:02 102987607                 /tools/Xilinx/Vitis_HLS/2023.2/lib/lnx64.o/libxv_isl_iosutils.so
7f7658b89000-7f7658b8a000 rw-p 00020000 103:02 102987607                 /tools/Xilinx/Vitis_HLS/2023.2/lib/lnx64.o/libxv_isl_iosutils.so
7f7658b8a000-7f7658b8b000 ---p 00000000 00:00 0 
7f7658b8b000-7f7658c8c000 rw-p 00000000 00:00 0 
7f7658c8c000-7f7658c90000 ---p 00000000 00:00 0 
7f7658c90000-7f7658d8d000 rw-p 00000000 00:00 0 
7f7658d8e000-7f7658d97000 r--p 00000000 103:02 102838914                 /tools/Xilinx/Vitis_HLS/2023.2/lib/lnx64.o/libboost_date_time.so.1.72.0
7f7658d97000-7f7658d9d000 r-xp 00009000 103:02 102838914                 /tools/Xilinx/Vitis_HLS/2023.2/lib/lnx64.o/libboost_date_time.so.1.72.0
7f7658d9d000-7f7658da0000 r--p 0000f000 103:02 102838914                 /tools/Xilinx/Vitis_HLS/2023.2/lib/lnx64.o/libboost_date_time.so.1.72.0
7f7658da0000-7f7658da1000 ---p 00012000 103:02 102838914                 /tools/Xilinx/Vitis_HLS/2023.2/lib/lnx64.o/libboost_date_time.so.1.72.0
7f7658da1000-7f7658da2000 r--p 00012000 103:02 102838914                 /tools/Xilinx/Vitis_HLS/2023.2/lib/lnx64.o/libboost_date_time.so.1.72.0
7f7658da2000-7f7658da3000 rw-p 00013000 103:02 102838914                 /tools/Xilinx/Vitis_HLS/2023.2/lib/lnx64.o/libboost_date_time.so.1.72.0
7f7658da3000-7f7658daf000 r--p 00000000 103:02 102828835                 /tools/Xilinx/Vitis_HLS/2023.2/lib/lnx64.o/libxv_isl_hls.so
7f7658daf000-7f7658dc2000 r-xp 0000c000 103:02 102828835                 /tools/Xilinx/Vitis_HLS/2023.2/lib/lnx64.o/libxv_isl_hls.so
7f7658dc2000-7f7658dca000 r--p 0001f000 103:02 102828835                 /tools/Xilinx/Vitis_HLS/2023.2/lib/lnx64.o/libxv_isl_hls.so
7f7658dca000-7f7658dcc000 r--p 00026000 103:02 102828835                 /tools/Xilinx/Vitis_HLS/2023.2/lib/lnx64.o/libxv_isl_hls.so
7f7658dcc000-7f7658dcd000 rw-p 00028000 103:02 102828835                 /tools/Xilinx/Vitis_HLS/2023.2/lib/lnx64.o/libxv_isl_hls.so
7f7658dcd000-7f7658dce000 ---p 00000000 00:00 0 
7f7658dce000-7f7658ecf000 rw-p 00000000 00:00 0 
7f7658ecf000-7f7658ed3000 ---p 00000000 00:00 0 
7f7658ed3000-7f76591d0000 rw-p 00000000 00:00 0 
7f76591d0000-7f76591d4000 ---p 00000000 00:00 0 
7f76591d4000-7f76592d1000 rw-p 00000000 00:00 0 
7f76592d1000-7f76592d5000 ---p 00000000 00:00 0 
7f76592d5000-7f76595d2000 rw-p 00000000 00:00 0 
7f76595d2000-7f76595d6000 ---p 00000000 00:00 0 
7f76595d6000-7f76596d3000 rw-p 00000000 00:00 0 
7f76596d3000-7f76596d7000 ---p 00000000 00:00 0 
7f76596d7000-7f76597d4000 rw-p 00000000 00:00 0 
7f76597d4000-7f76597d8000 ---p 00000000 00:00 0 
7f76597d8000-7f76598d5000 rw-p 00000000 00:00 0 
7f76598d5000-7f76598d9000 ---p 00000000 00:00 0 
7f76598d9000-7f76599d6000 rw-p 00000000 00:00 0 
7f76599d6000-7f76599da000 ---p 00000000 00:00 0 
7f76599da000-7f7659ad7000 rw-p 00000000 00:00 0 
7f7659ad7000-7f7659adb000 ---p 00000000 00:00 0 
7f7659adb000-7f7659bd8000 rw-p 00000000 00:00 0 
7f7659bd8000-7f7659bdc000 ---p 00000000 00:00 0 
7f7659bdc000-7f7659cd9000 rw-p 00000000 00:00 0 
7f7659cd9000-7f7659cdd000 ---p 00000000 00:00 0 
7f7659cdd000-7f7659dda000 rw-p 00000000 00:00 0 
7f7659dda000-7f7659dde000 ---p 00000000 00:00 0 
7f7659dde000-7f7659edb000 rw-p 00000000 00:00 0 
7f7659edb000-7f7659edf000 ---p 00000000 00:00 0 
7f7659edf000-7f7659fdc000 rw-p 00000000 00:00 0 
7f7659fdc000-7f7659fe0000 ---p 00000000 00:00 0 
7f7659fe0000-7f765a0dd000 rw-p 00000000 00:00 0 
7f765a0dd000-7f765a0e1000 ---p 00000000 00:00 0 
7f765a0e1000-7f765a1de000 rw-p 00000000 00:00 0 
7f765a1de000-7f765a1e2000 ---p 00000000 00:00 0 
7f765a1e2000-7f765a2df000 rw-p 00000000 00:00 0 
7f765a2df000-7f765a2e3000 ---p 00000000 00:00 0 
7f765a2e3000-7f765a3e0000 rw-p 00000000 00:00 0 
7f765a3e0000-7f765a3e4000 ---p 00000000 00:00 0 
7f765a3e4000-7f765a4e1000 rw-p 00000000 00:00 0 
7f765a4e1000-7f765a4e5000 ---p 00000000 00:00 0 
7f765a4e5000-7f765a5e2000 rw-p 00000000 00:00 0 
7f765a5e2000-7f765a5e6000 ---p 00000000 00:00 0 
7f765a5e6000-7f765a6e3000 rw-p 00000000 00:00 0 
7f765a6e3000-7f765a6e7000 ---p 00000000 00:00 0 
7f765a6e7000-7f765a7e4000 rw-p 00000000 00:00 0 
7f765a7e4000-7f765a7e8000 ---p 00000000 00:00 0 
7f765a7e8000-7f765a8e5000 rw-p 00000000 00:00 0 
7f765a8e5000-7f765a8e9000 ---p 00000000 00:00 0 
7f765a8e9000-7f765a9e6000 rw-p 00000000 00:00 0 
7f765a9e6000-7f765a9ea000 ---p 00000000 00:00 0 
7f765a9ea000-7f765aae7000 rw-p 00000000 00:00 0 
7f765aae7000-7f765aaeb000 ---p 00000000 00:00 0 
7f765aaeb000-7f765abe8000 rw-p 00000000 00:00 0 
7f765abe8000-7f765abec000 ---p 00000000 00:00 0 
7f765abec000-7f765ace9000 rw-p 00000000 00:00 0 
7f765ace9000-7f765acea000 ---p 00000000 00:00 0 
7f765acea000-7f765adeb000 rw-p 00000000 00:00 0 
7f765adeb000-7f765adec000 ---p 00000000 00:00 0 
7f765adec000-7f765aeed000 rw-p 00000000 00:00 0 
7f765aeed000-7f765aeee000 ---p 00000000 00:00 0 
7f765aeee000-7f765afef000 rw-p 00000000 00:00 0 
7f765afef000-7f765aff0000 ---p 00000000 00:00 0 
7f765aff0000-7f765b0f1000 rw-p 00000000 00:00 0 
7f765b0f1000-7f765b0f2000 ---p 00000000 00:00 0 
7f765b0f2000-7f765b1f3000 rw-p 00000000 00:00 0 
7f765b1f3000-7f765b1f4000 ---p 00000000 00:00 0 
7f765b1f4000-7f765b2f5000 rw-p 00000000 00:00 0 
7f765b2f5000-7f765b2f6000 ---p 00000000 00:00 0 
7f765b2f6000-7f765b3f7000 rw-p 00000000 00:00 0 
7f765b3f7000-7f765b3f8000 ---p 00000000 00:00 0 
7f765b3f8000-7f765b4f9000 rw-p 00000000 00:00 0 
7f765b4f9000-7f765b4fa000 ---p 00000000 00:00 0 
7f765b4fa000-7f765b5fb000 rw-p 00000000 00:00 0 
7f765b5fb000-7f765b5fc000 ---p 00000000 00:00 0 
7f765b5fc000-7f765b6fd000 rw-p 00000000 00:00 0 
7f765b6fd000-7f765b6fe000 ---p 00000000 00:00 0 
7f765b6fe000-7f765b7ff000 rw-p 00000000 00:00 0 
7f765b7ff000-7f765b800000 ---p 00000000 00:00 0 
7f765b800000-7f765c000000 rw-p 00000000 00:00 0 
7f765c000000-7f765c021000 rw-p 00000000 00:00 0 
7f765c021000-7f7660000000 ---p 00000000 00:00 0 
7f7660000000-7f7660021000 rw-p 00000000 00:00 0 
7f7660021000-7f7664000000 ---p 00000000 00:00 0 
7f7664000000-7f7664021000 rw-p 00000000 00:00 0 
7f7664021000-7f7668000000 ---p 00000000 00:00 0 
7f7668000000-7f7668021000 rw-p 00000000 00:00 0 
7f7668021000-7f766c000000 ---p 00000000 00:00 0 
7f766c000000-7f766c021000 rw-p 00000000 00:00 0 
7f766c021000-7f7670000000 ---p 00000000 00:00 0 
7f7670000000-7f7670021000 rw-p 00000000 00:00 0 
7f7670021000-7f7674000000 ---p 00000000 00:00 0 
7f7674000000-7f7674021000 rw-p 00000000 00:00 0 
7f7674021000-7f7678000000 ---p 00000000 00:00 0 
7f7678000000-7f7678021000 rw-p 00000000 00:00 0 
7f7678021000-7f767c000000 ---p 00000000 00:00 0 
7f767c000000-7f767c021000 rw-p 00000000 00:00 0 
7f767c021000-7f7680000000 ---p 00000000 00:00 0 
7f7680000000-7f7680021000 rw-p 00000000 00:00 0 
7f7680021000-7f7684000000 ---p 00000000 00:00 0 
7f7684000000-7f7684021000 rw-p 00000000 00:00 0 
7f7684021000-7f7688000000 ---p 00000000 00:00 0 
7f7688000000-7f7688021000 rw-p 00000000 00:00 0 
7f7688021000-7f768c000000 ---p 00000000 00:00 0 
7f768c000000-7f768c021000 rw-p 00000000 00:00 0 
7f768c021000-7f7690000000 ---p 00000000 00:00 0 
7f7690000000-7f7690021000 rw-p 00000000 00:00 0 
7f7690021000-7f7694000000 ---p 00000000 00:00 0 
7f7694000000-7f7694021000 rw-p 00000000 00:00 0 
7f7694021000-7f7698000000 ---p 00000000 00:00 0 
7f7698000000-7f7698021000 rw-p 00000000 00:00 0 
7f7698021000-7f769c000000 ---p 00000000 00:00 0 
7f769c000000-7f769c021000 rw-p 00000000 00:00 0 
7f769c021000-7f76a0000000 ---p 00000000 00:00 0 
7f76a0000000-7f76a0021000 rw-p 00000000 00:00 0 
7f76a0021000-7f76a4000000 ---p 00000000 00:00 0 
7f76a4000000-7f76a4021000 rw-p 00000000 00:00 0 
7f76a4021000-7f76a8000000 ---p 00000000 00:00 0 
7f76a8000000-7f76a800c000 r--p 00000000 103:02 102891220                 /tools/Xilinx/Vitis_HLS/2023.2/lib/lnx64.o/libxv_crashreporter.so
7f76a800c000-7f76a802e000 r-xp 0000c000 103:02 102891220                 /tools/Xilinx/Vitis_HLS/2023.2/lib/lnx64.o/libxv_crashreporter.so
7f76a802e000-7f76a8036000 r--p 0002e000 103:02 102891220                 /tools/Xilinx/Vitis_HLS/2023.2/lib/lnx64.o/libxv_crashreporter.so
7f76a8036000-7f76a8037000 r--p 00035000 103:02 102891220                 /tools/Xilinx/Vitis_HLS/2023.2/lib/lnx64.o/libxv_crashreporter.so
7f76a8037000-7f76a8038000 rw-p 00036000 103:02 102891220                 /tools/Xilinx/Vitis_HLS/2023.2/lib/lnx64.o/libxv_crashreporter.so
7f76a8038000-7f76a8045000 r--p 00000000 103:02 102891224                 /tools/Xilinx/Vitis_HLS/2023.2/lib/lnx64.o/libxv_wavedata_common.so
7f76a8045000-7f76a8053000 r-xp 0000d000 103:02 102891224                 /tools/Xilinx/Vitis_HLS/2023.2/lib/lnx64.o/libxv_wavedata_common.so
7f76a8053000-7f76a8058000 r--p 0001b000 103:02 102891224                 /tools/Xilinx/Vitis_HLS/2023.2/lib/lnx64.o/libxv_wavedata_common.so
7f76a8058000-7f76a805a000 r--p 0001f000 103:02 102891224                 /tools/Xilinx/Vitis_HLS/2023.2/lib/lnx64.o/libxv_wavedata_common.so
7f76a805a000-7f76a805b000 rw-p 00021000 103:02 102891224                 /tools/Xilinx/Vitis_HLS/2023.2/lib/lnx64.o/libxv_wavedata_common.so
7f76a805b000-7f76a8066000 r--p 00000000 103:02 102967760                 /tools/Xilinx/Vitis_HLS/2023.2/lib/lnx64.o/libxv_wavedata_RTTI_RTType.so
7f76a8066000-7f76a8075000 r-xp 0000b000 103:02 102967760                 /tools/Xilinx/Vitis_HLS/2023.2/lib/lnx64.o/libxv_wavedata_RTTI_RTType.so
7f76a8075000-7f76a807a000 r--p 0001a000 103:02 102967760                 /tools/Xilinx/Vitis_HLS/2023.2/lib/lnx64.o/libxv_wavedata_RTTI_RTType.so
7f76a807a000-7f76a807c000 r--p 0001e000 103:02 102967760                 /tools/Xilinx/Vitis_HLS/2023.2/lib/lnx64.o/libxv_wavedata_RTTI_RTType.so
7f76a807c000-7f76a807d000 rw-p 00020000 103:02 102967760                 /tools/Xilinx/Vitis_HLS/2023.2/lib/lnx64.o/libxv_wavedata_RTTI_RTType.so
7f76a807d000-7f76a808d000 r--p 00000000 103:02 26085354                  /usr/lib/x86_64-linux-gnu/libibus-1.0.so.5.0.519
7f76a808d000-7f76a80be000 r-xp 00010000 103:02 26085354                  /usr/lib/x86_64-linux-gnu/libibus-1.0.so.5.0.519
7f76a80be000-7f76a80f0000 r--p 00041000 103:02 26085354                  /usr/lib/x86_64-linux-gnu/libibus-1.0.so.5.0.519
7f76a80f0000-7f76a80f3000 r--p 00072000 103:02 26085354                  /usr/lib/x86_64-linux-gnu/libibus-1.0.so.5.0.519
7f76a80f3000-7f76a80f4000 rw-p 00075000 103:02 26085354                  /usr/lib/x86_64-linux-gnu/libibus-1.0.so.5.0.519
7f76a80f4000-7f76a80f8000 ---p 00000000 00:00 0 
7f76a80f8000-7f76a81f5000 rw-p 00000000 00:00 0 
7f76a81f5000-7f76a81f9000 ---p 00000000 00:00 0 
7f76a81f9000-7f76a84f6000 rw-p 00000000 00:00 0 
7f76a84f6000-7f76a84fa000 ---p 00000000 00:00 0 
7f76a84fa000-7f76a85f7000 rw-p 00000000 00:00 0 
7f76a85f7000-7f76a85fb000 ---p 00000000 00:00 0 
7f76a85fb000-7f76a86f8000 rw-p 00000000 00:00 0 
7f76a86f8000-7f76a86fc000 ---p 00000000 00:00 0 
7f76a86fc000-7f76a87f9000 rw-p 00000000 00:00 0 
7f76a87f9000-7f76a87fa000 ---p 00000000 00:00 0 
7f76a87fa000-7f76a8ffa000 rw-p 00000000 00:00 0 
7f76a8ffa000-7f76a8ffb000 ---p 00000000 00:00 0 
7f76a8ffb000-7f76a97fb000 rw-p 00000000 00:00 0 
7f76a97fb000-7f76a97fc000 ---p 00000000 00:00 0 
7f76a97fc000-7f76a9ffc000 rw-p 00000000 00:00 0 
7f76a9ffc000-7f76a9ffd000 ---p 00000000 00:00 0 
7f76a9ffd000-7f76aa7fd000 rw-p 00000000 00:00 0 
7f76aa7fd000-7f76aa7fe000 ---p 00000000 00:00 0 
7f76aa7fe000-7f76aaffe000 rw-p 00000000 00:00 0 
7f76aaffe000-7f76aafff000 ---p 00000000 00:00 0 
7f76aafff000-7f76ab7ff000 rw-p 00000000 00:00 0 
7f76ab7ff000-7f76ab800000 ---p 00000000 00:00 0 
7f76ab800000-7f76ac000000 rw-p 00000000 00:00 0 
7f76ac000000-7f76ac021000 rw-p 00000000 00:00 0 
7f76ac021000-7f76b0000000 ---p 00000000 00:00 0 
7f76b0000000-7f76b0021000 rw-p 00000000 00:00 0 
7f76b0021000-7f76b4000000 ---p 00000000 00:00 0 
7f76b4000000-7f76b4021000 rw-p 00000000 00:00 0 
7f76b4021000-7f76b8000000 ---p 00000000 00:00 0 
7f76b8005000-7f76b8009000 ---p 00000000 00:00 0 
7f76b8009000-7f76b8106000 rw-p 00000000 00:00 0 
7f76b8106000-7f76b810a000 ---p 00000000 00:00 0 
7f76b810a000-7f76b8407000 rw-p 00000000 00:00 0 
7f76b8407000-7f76b840b000 ---p 00000000 00:00 0 
7f76b840b000-7f76b8508000 rw-p 00000000 00:00 0 
7f76b8508000-7f76b850c000 ---p 00000000 00:00 0 
7f76b850c000-7f76b8609000 rw-p 00000000 00:00 0 
7f76b8609000-7f76b860d000 ---p 00000000 00:00 0 
7f76b860d000-7f76b87f9000 rw-p 00000000 00:00 0 
7f76b87f9000-7f76b87fa000 ---p 00000000 00:00 0 
7f76b87fa000-7f76b8ffa000 rw-p 00000000 00:00 0 
7f76b8ffa000-7f76b8ffb000 ---p 00000000 00:00 0 
7f76b8ffb000-7f76b97fb000 rw-p 00000000 00:00 0 
7f76b97fb000-7f76b97fc000 ---p 00000000 00:00 0 
7f76b97fc000-7f76b9ffc000 rw-p 00000000 00:00 0 
7f76b9ffc000-7f76b9ffd000 ---p 00000000 00:00 0 
7f76b9ffd000-7f76ba7fd000 rw-p 00000000 00:00 0 
7f76ba7fd000-7f76ba7fe000 ---p 00000000 00:00 0 
7f76ba7fe000-7f76baffe000 rw-p 00000000 00:00 0 
7f76baffe000-7f76bafff000 ---p 00000000 00:00 0 
7f76bafff000-7f76bb7ff000 rw-p 00000000 00:00 0 
7f76bb7ff000-7f76bb800000 ---p 00000000 00:00 0 
7f76bb800000-7f76bc000000 rw-p 00000000 00:00 0 
7f76bc000000-7f76bc021000 rw-p 00000000 00:00 0 
7f76bc021000-7f76c0000000 ---p 00000000 00:00 0 
7f76c0000000-7f76c0021000 rw-p 00000000 00:00 0 
7f76c0021000-7f76c4000000 ---p 00000000 00:00 0 
7f76c4000000-7f76c4021000 rw-p 00000000 00:00 0 
7f76c4021000-7f76c8000000 ---p 00000000 00:00 0 
7f76c8000000-7f76c8021000 rw-p 00000000 00:00 0 
7f76c8021000-7f76cc000000 ---p 00000000 00:00 0 
7f76cc000000-7f76cc021000 rw-p 00000000 00:00 0 
7f76cc021000-7f76d0000000 ---p 00000000 00:00 0 
7f76d0000000-7f76d0021000 rw-p 00000000 00:00 0 
7f76d0021000-7f76d4000000 ---p 00000000 00:00 0 
7f76d4000000-7f76d4021000 rw-p 00000000 00:00 0 
7f76d4021000-7f76d8000000 ---p 00000000 00:00 0 
7f76d8000000-7f76d8021000 rw-p 00000000 00:00 0 
7f76d8021000-7f76dc000000 ---p 00000000 00:00 0 
7f76dc000000-7f76dc021000 rw-p 00000000 00:00 0 
7f76dc021000-7f76e0000000 ---p 00000000 00:00 0 
7f76e0000000-7f76e0021000 rw-p 00000000 00:00 0 
7f76e0021000-7f76e4000000 ---p 00000000 00:00 0 
7f76e4003000-7f76e4004000 r--p 00000000 103:02 56885559                  /lib/x86_64-linux-gnu/libutil-2.28.so
7f76e4004000-7f76e4005000 r-xp 00001000 103:02 56885559                  /lib/x86_64-linux-gnu/libutil-2.28.so
7f76e4005000-7f76e4006000 r--p 00002000 103:02 56885559                  /lib/x86_64-linux-gnu/libutil-2.28.so
7f76e4006000-7f76e4007000 r--p 00002000 103:02 56885559                  /lib/x86_64-linux-gnu/libutil-2.28.so
7f76e4007000-7f76e4008000 rw-p 00003000 103:02 56885559                  /lib/x86_64-linux-gnu/libutil-2.28.so
7f76e4008000-7f76e4009000 r--p 00000000 103:02 102799414                 /tools/Xilinx/Vitis_HLS/2023.2/lib/lnx64.o/libboost_system.so.1.72.0
7f76e4009000-7f76e400a000 r-xp 00001000 103:02 102799414                 /tools/Xilinx/Vitis_HLS/2023.2/lib/lnx64.o/libboost_system.so.1.72.0
7f76e400a000-7f76e400b000 r--p 00002000 103:02 102799414                 /tools/Xilinx/Vitis_HLS/2023.2/lib/lnx64.o/libboost_system.so.1.72.0
7f76e400b000-7f76e400c000 r--p 00002000 103:02 102799414                 /tools/Xilinx/Vitis_HLS/2023.2/lib/lnx64.o/libboost_system.so.1.72.0
7f76e400c000-7f76e400d000 rw-p 00003000 103:02 102799414                 /tools/Xilinx/Vitis_HLS/2023.2/lib/lnx64.o/libboost_system.so.1.72.0
7f76e400d000-7f76e4012000 r--p 00000000 103:02 102891225                 /tools/Xilinx/Vitis_HLS/2023.2/lib/lnx64.o/libxv_wavedata_crt.so
7f76e4012000-7f76e401b000 r-xp 00005000 103:02 102891225                 /tools/Xilinx/Vitis_HLS/2023.2/lib/lnx64.o/libxv_wavedata_crt.so
7f76e401b000-7f76e401d000 r--p 0000e000 103:02 102891225                 /tools/Xilinx/Vitis_HLS/2023.2/lib/lnx64.o/libxv_wavedata_crt.so
7f76e401d000-7f76e401e000 r--p 0000f000 103:02 102891225                 /tools/Xilinx/Vitis_HLS/2023.2/lib/lnx64.o/libxv_wavedata_crt.so
7f76e401e000-7f76e401f000 rw-p 00010000 103:02 102891225                 /tools/Xilinx/Vitis_HLS/2023.2/lib/lnx64.o/libxv_wavedata_crt.so
7f76e401f000-7f76e402b000 r--p 00000000 103:02 102844624                 /tools/Xilinx/Vitis_HLS/2023.2/lib/lnx64.o/libxv_hlsvwrap.so
7f76e402b000-7f76e4043000 r-xp 0000c000 103:02 102844624                 /tools/Xilinx/Vitis_HLS/2023.2/lib/lnx64.o/libxv_hlsvwrap.so
7f76e4043000-7f76e4049000 r--p 00024000 103:02 102844624                 /tools/Xilinx/Vitis_HLS/2023.2/lib/lnx64.o/libxv_hlsvwrap.so
7f76e4049000-7f76e404a000 ---p 0002a000 103:02 102844624                 /tools/Xilinx/Vitis_HLS/2023.2/lib/lnx64.o/libxv_hlsvwrap.so
7f76e404a000-7f76e404b000 r--p 0002a000 103:02 102844624                 /tools/Xilinx/Vitis_HLS/2023.2/lib/lnx64.o/libxv_hlsvwrap.so
7f76e404b000-7f76e404c000 rw-p 0002b000 103:02 102844624                 /tools/Xilinx/Vitis_HLS/2023.2/lib/lnx64.o/libxv_hlsvwrap.so
7f76e404c000-7f76e4054000 r--p 00000000 103:02 102824342                 /tools/Xilinx/Vitis_HLS/2023.2/lib/lnx64.o/libxv_commonmain.so
7f76e4054000-7f76e4061000 r-xp 00008000 103:02 102824342                 /tools/Xilinx/Vitis_HLS/2023.2/lib/lnx64.o/libxv_commonmain.so
7f76e4061000-7f76e4065000 r--p 00015000 103:02 102824342                 /tools/Xilinx/Vitis_HLS/2023.2/lib/lnx64.o/libxv_commonmain.so
7f76e4065000-7f76e4066000 r--p 00018000 103:02 102824342                 /tools/Xilinx/Vitis_HLS/2023.2/lib/lnx64.o/libxv_commonmain.so
7f76e4066000-7f76e4067000 rw-p 00019000 103:02 102824342                 /tools/Xilinx/Vitis_HLS/2023.2/lib/lnx64.o/libxv_commonmain.so
7f76e4067000-7f76e4068000 r--p 00000000 103:02 26085714                  /usr/lib/x86_64-linux-gnu/libgthread-2.0.so.0.5800.3
7f76e4068000-7f76e4069000 r-xp 00001000 103:02 26085714                  /usr/lib/x86_64-linux-gnu/libgthread-2.0.so.0.5800.3
7f76e4069000-7f76e406a000 r--p 00002000 103:02 26085714                  /usr/lib/x86_64-linux-gnu/libgthread-2.0.so.0.5800.3
7f76e406a000-7f76e406b000 r--p 00002000 103:02 26085714                  /usr/lib/x86_64-linux-gnu/libgthread-2.0.so.0.5800.3
7f76e406b000-7f76e406c000 rw-p 00003000 103:02 26085714                  /usr/lib/x86_64-linux-gnu/libgthread-2.0.so.0.5800.3
7f76e406c000-7f76e4070000 r--p 00000000 103:02 102799337                 /tools/Xilinx/Vitis_HLS/2023.2/lib/lnx64.o/libxv_boost_xilinx.so
7f76e4070000-7f76e4073000 r-xp 00004000 103:02 102799337                 /tools/Xilinx/Vitis_HLS/2023.2/lib/lnx64.o/libxv_boost_xilinx.so
7f76e4073000-7f76e4074000 r--p 00007000 103:02 102799337                 /tools/Xilinx/Vitis_HLS/2023.2/lib/lnx64.o/libxv_boost_xilinx.so
7f76e4074000-7f76e4075000 ---p 00008000 103:02 102799337                 /tools/Xilinx/Vitis_HLS/2023.2/lib/lnx64.o/libxv_boost_xilinx.so
7f76e4075000-7f76e4076000 r--p 00008000 103:02 102799337                 /tools/Xilinx/Vitis_HLS/2023.2/lib/lnx64.o/libxv_boost_xilinx.so
7f76e4076000-7f76e4077000 rw-p 00009000 103:02 102799337                 /tools/Xilinx/Vitis_HLS/2023.2/lib/lnx64.o/libxv_boost_xilinx.so
7f76e4077000-7f76e4079000 r--p 00000000 103:02 102987602                 /tools/Xilinx/Vitis_HLS/2023.2/lib/lnx64.o/libxv_commonversion.so
7f76e4079000-7f76e407a000 r-xp 00002000 103:02 102987602                 /tools/Xilinx/Vitis_HLS/2023.2/lib/lnx64.o/libxv_commonversion.so
7f76e407a000-7f76e407b000 r--p 00003000 103:02 102987602                 /tools/Xilinx/Vitis_HLS/2023.2/lib/lnx64.o/libxv_commonversion.so
7f76e407b000-7f76e407c000 r--p 00003000 103:02 102987602                 /tools/Xilinx/Vitis_HLS/2023.2/lib/lnx64.o/libxv_commonversion.so
7f76e407c000-7f76e407d000 rw-p 00004000 103:02 102987602                 /tools/Xilinx/Vitis_HLS/2023.2/lib/lnx64.o/libxv_commonversion.so
7f76e407d000-7f76e4083000 r--p 00000000 103:02 102835663                 /tools/Xilinx/Vitis_HLS/2023.2/lib/lnx64.o/libxv_llvm_demangle.so
7f76e4083000-7f76e4091000 r-xp 00006000 103:02 102835663                 /tools/Xilinx/Vitis_HLS/2023.2/lib/lnx64.o/libxv_llvm_demangle.so
7f76e4091000-7f76e4097000 r--p 00014000 103:02 102835663                 /tools/Xilinx/Vitis_HLS/2023.2/lib/lnx64.o/libxv_llvm_demangle.so
7f76e4097000-7f76e4098000 ---p 0001a000 103:02 102835663                 /tools/Xilinx/Vitis_HLS/2023.2/lib/lnx64.o/libxv_llvm_demangle.so
7f76e4098000-7f76e409a000 r--p 0001a000 103:02 102835663                 /tools/Xilinx/Vitis_HLS/2023.2/lib/lnx64.o/libxv_llvm_demangle.so
7f76e409a000-7f76e409b000 rw-p 0001c000 103:02 102835663                 /tools/Xilinx/Vitis_HLS/2023.2/lib/lnx64.o/libxv_llvm_demangle.so
7f76e409b000-7f76e409e000 r--p 00000000 103:02 26347265                  /usr/lib/x86_64-linux-gnu/gtk-3.0/3.0.0/immodules/im-ibus.so
7f76e409e000-7f76e40a1000 r-xp 00003000 103:02 26347265                  /usr/lib/x86_64-linux-gnu/gtk-3.0/3.0.0/immodules/im-ibus.so
7f76e40a1000-7f76e40a2000 r--p 00006000 103:02 26347265                  /usr/lib/x86_64-linux-gnu/gtk-3.0/3.0.0/immodules/im-ibus.so
7f76e40a2000-7f76e40a3000 ---p 00007000 103:02 26347265                  /usr/lib/x86_64-linux-gnu/gtk-3.0/3.0.0/immodules/im-ibus.so
7f76e40a3000-7f76e40a4000 r--p 00007000 103:02 26347265                  /usr/lib/x86_64-linux-gnu/gtk-3.0/3.0.0/immodules/im-ibus.so
7f76e40a4000-7f76e40a5000 rw-p 00008000 103:02 26347265                  /usr/lib/x86_64-linux-gnu/gtk-3.0/3.0.0/immodules/im-ibus.so
7f76e40a5000-7f76e415e000 r--p 00000000 103:02 27134289                  /usr/share/fonts/truetype/dejavu/DejaVuSans.ttf
7f76e415e000-7f76e4169000 r--s 00000000 103:02 63439169                  /var/cache/fontconfig/945677eb7aeaf62f1d50efc3fb3ec7d8-le64.cache-7
7f76e4169000-7f76e416e000 r--s 00000000 103:02 63442169                  /var/cache/fontconfig/2300eef321c393bfd76478a5c0e95b23-le64.cache-7
7f76e416e000-7f76e4183000 r--s 00000000 103:02 63442165                  /var/cache/fontconfig/04aabc0a78ac019cf9454389977116d2-le64.cache-7
7f76e4183000-7f76e4186000 r-xp 00000000 103:02 26349146                  /usr/lib/x86_64-linux-gnu/gdk-pixbuf-2.0/2.10.0/loaders/libpixbufloader-bmp.so
7f76e4186000-7f76e4386000 ---p 00003000 103:02 26349146                  /usr/lib/x86_64-linux-gnu/gdk-pixbuf-2.0/2.10.0/loaders/libpixbufloader-bmp.so
7f76e4386000-7f76e4387000 r--p 00003000 103:02 26349146                  /usr/lib/x86_64-linux-gnu/gdk-pixbuf-2.0/2.10.0/loaders/libpixbufloader-bmp.so
7f76e4387000-7f76e4388000 rw-p 00004000 103:02 26349146                  /usr/lib/x86_64-linux-gnu/gdk-pixbuf-2.0/2.10.0/loaders/libpixbufloader-bmp.so
7f76e4388000-7f76e43be000 r-xp 00000000 103:02 26349898                  /usr/lib/x86_64-linux-gnu/gvfs/libgvfscommon.so
7f76e43be000-7f76e45be000 ---p 00036000 103:02 26349898                  /usr/lib/x86_64-linux-gnu/gvfs/libgvfscommon.so
7f76e45be000-7f76e45c4000 r--p 00036000 103:02 26349898                  /usr/lib/x86_64-linux-gnu/gvfs/libgvfscommon.so
7f76e45c4000-7f76e45c5000 rw-p 0003c000 103:02 26349898                  /usr/lib/x86_64-linux-gnu/gvfs/libgvfscommon.so
7f76e45c5000-7f76e45f6000 r-xp 00000000 103:02 26349262                  /usr/lib/x86_64-linux-gnu/gio/modules/libgvfsdbus.so
7f76e45f6000-7f76e47f6000 ---p 00031000 103:02 26349262                  /usr/lib/x86_64-linux-gnu/gio/modules/libgvfsdbus.so
7f76e47f6000-7f76e47f8000 r--p 00031000 103:02 26349262                  /usr/lib/x86_64-linux-gnu/gio/modules/libgvfsdbus.so
7f76e47f8000-7f76e47f9000 rw-p 00033000 103:02 26349262                  /usr/lib/x86_64-linux-gnu/gio/modules/libgvfsdbus.so
7f76e47f9000-7f76e47fa000 ---p 00000000 00:00 0 
7f76e47fa000-7f76e4ffa000 rw-p 00000000 00:00 0 
7f76e4ffa000-7f76e4ffb000 ---p 00000000 00:00 0 
7f76e4ffb000-7f76e57fb000 rw-p 00000000 00:00 0 
7f76e57fb000-7f76e57fc000 ---p 00000000 00:00 0 
7f76e57fc000-7f76e5ffc000 rw-p 00000000 00:00 0 
7f76e5ffc000-7f76e5ffd000 ---p 00000000 00:00 0 
7f76e5ffd000-7f76e67fd000 rw-p 00000000 00:00 0 
7f76e67fd000-7f76e67fe000 ---p 00000000 00:00 0 
7f76e67fe000-7f76e6ffe000 rw-p 00000000 00:00 0 
7f76e6ffe000-7f76e6fff000 ---p 00000000 00:00 0 
7f76e6fff000-7f76e77ff000 rw-p 00000000 00:00 0 
7f76e77ff000-7f76e7800000 ---p 00000000 00:00 0 
7f76e7800000-7f76e8000000 rw-p 00000000 00:00 0 
7f76e8000000-7f76e8021000 rw-p 00000000 00:00 0 
7f76e8021000-7f76ec000000 ---p 00000000 00:00 0 
7f76ec002000-7f76ec003000 r--s 00000000 103:02 63442167                  /var/cache/fontconfig/0d8c3b2ac0904cb8a57a757ad11a4a08-le64.cache-7
7f76ec003000-7f76ec007000 r--s 00000000 103:02 63454633                  /var/cache/fontconfig/de156ccd2eddbdc19d37a45b8b2aac9c-le64.cache-7
7f76ec007000-7f76ec008000 r--s 00000000 103:02 63442164                  /var/cache/fontconfig/1ac9eb803944fde146138c791f5cc56a-le64.cache-7
7f76ec008000-7f76ec009000 r--s 00000000 103:02 63442162                  /var/cache/fontconfig/dc05db6664285cc2f12bf69c139ae4c3-le64.cache-7
7f76ec009000-7f76ec00b000 r--s 00000000 103:02 63442161                  /var/cache/fontconfig/14a5e22175779b556eaa434240950366-le64.cache-7
7f76ec00b000-7f76ec00c000 r--s 00000000 103:02 63442160                  /var/cache/fontconfig/660208299946a285a940457d1287da33-le64.cache-7
7f76ec00c000-7f76ec00e000 r--s 00000000 103:02 63442155                  /var/cache/fontconfig/4f3e3037c9980c83b53a9351efadef62-le64.cache-7
7f76ec00e000-7f76ec010000 r--s 00000000 103:02 63442154                  /var/cache/fontconfig/767a8244fc0220cfb567a839d0392e0b-le64.cache-7
7f76ec010000-7f76ec012000 r--s 00000000 103:02 63442137                  /var/cache/fontconfig/0bd3dc0958fa2205aaaa8ebb13e2872b-le64.cache-7
7f76ec012000-7f76ec017000 r--s 00000000 103:02 63442135                  /var/cache/fontconfig/def309198bfa603429122923fa2bb2d4-le64.cache-7
7f76ec017000-7f76ec01b000 r--s 00000000 103:02 63454630                  /var/cache/fontconfig/c57959a16110560c8d0fcea73374aeeb-le64.cache-7
7f76ec01b000-7f76ec01c000 r--s 00000000 103:02 63442134                  /var/cache/fontconfig/b872e6e592da6075ffa4ab0a1fcc0c75-le64.cache-7
7f76ec01c000-7f76ec01d000 r--s 00000000 103:02 63442115                  /var/cache/fontconfig/f6d4eedfaab2589bde49f7a3ff831d22-le64.cache-7
7f76ec01d000-7f76ec01e000 r--s 00000000 103:02 63442112                  /var/cache/fontconfig/589f83ef4c36d296ce6e1c846f468f08-le64.cache-7
7f76ec01e000-7f76ec01f000 r--s 00000000 103:02 63442111                  /var/cache/fontconfig/bab58bb527bb656aaa9f116d68a48d89-le64.cache-7
7f76ec01f000-7f76ec024000 r--s 00000000 103:02 63441912                  /var/cache/fontconfig/9d2451b1fd30e5bffe8383fd27c35478-le64.cache-7
7f76ec024000-7f76ec037000 r--s 00000000 103:02 63441837                  /var/cache/fontconfig/d52a8644073d54c13679302ca1180695-le64.cache-7
7f76ec037000-7f76ec059000 r--s 00000000 103:02 63441471                  /var/cache/fontconfig/9b89f8e3dae116d678bbf48e5f21f69b-le64.cache-7
7f76ec059000-7f76ec10d000 rw-p 00000000 00:00 0 
7f76ec10d000-7f76ec10e000 ---p 00000000 00:00 0 
7f76ec10e000-7f76ec90e000 rw-p 00000000 00:00 0 
7f76ec90e000-7f76ec90f000 ---p 00000000 00:00 0 
7f76ec90f000-7f76ed10f000 rw-p 00000000 00:00 0 
7f76ed10f000-7f76ed110000 ---p 00000000 00:00 0 
7f76ed110000-7f76ed910000 rw-p 00000000 00:00 0 
7f76ed910000-7f76ed911000 ---p 00000000 00:00 0 
7f76ed911000-7f76ee111000 rw-p 00000000 00:00 0 
7f76ee111000-7f76ee112000 ---p 00000000 00:00 0 
7f76ee112000-7f76ee912000 rw-p 00000000 00:00 0 
7f76ee912000-7f76ee913000 ---p 00000000 00:00 0 
7f76ee913000-7f76ef113000 rw-p 00000000 00:00 0 
7f76ef113000-7f76ef114000 ---p 00000000 00:00 0 
7f76ef114000-7f76ef914000 rw-p 00000000 00:00 0 
7f76ef914000-7f76ef915000 ---p 00000000 00:00 0 
7f76ef915000-7f76f0115000 rw-p 00000000 00:00 0 
7f76f0115000-7f76f0116000 ---p 00000000 00:00 0 
7f76f0116000-7f76f0916000 rw-p 00000000 00:00 0 
7f76f0916000-7f76f0917000 ---p 00000000 00:00 0 
7f76f0917000-7f76f1117000 rw-p 00000000 00:00 0 
7f76f1117000-7f76f1118000 ---p 00000000 00:00 0 
7f76f1118000-7f76f1918000 rw-p 00000000 00:00 0 
7f76f1918000-7f76f1919000 ---p 00000000 00:00 0 
7f76f1919000-7f76f2119000 rw-p 00000000 00:00 0 
7f76f2119000-7f76f214a000 r-xp 00000000 103:02 26091110                  /usr/lib/x86_64-linux-gnu/libedit.so.2.0.56
7f76f214a000-7f76f2349000 ---p 00031000 103:02 26091110                  /usr/lib/x86_64-linux-gnu/libedit.so.2.0.56
7f76f2349000-7f76f234b000 r--p 00030000 103:02 26091110                  /usr/lib/x86_64-linux-gnu/libedit.so.2.0.56
7f76f234b000-7f76f234c000 rw-p 00032000 103:02 26091110                  /usr/lib/x86_64-linux-gnu/libedit.so.2.0.56
7f76f234c000-7f76f2350000 rw-p 00000000 00:00 0 
7f76f2350000-7f76f2367000 r-xp 00000000 103:02 102919274                 /tools/Xilinx/Vitis_HLS/2023.2/lib/lnx64.o/Ubuntu/libgcc_s.so.1
7f76f2367000-7f76f2566000 ---p 00017000 103:02 102919274                 /tools/Xilinx/Vitis_HLS/2023.2/lib/lnx64.o/Ubuntu/libgcc_s.so.1
7f76f2566000-7f76f2567000 rw-p 00016000 103:02 102919274                 /tools/Xilinx/Vitis_HLS/2023.2/lib/lnx64.o/Ubuntu/libgcc_s.so.1
7f76f2567000-7f76f26db000 r-xp 00000000 103:02 104999301                 /tools/Xilinx/Vitis_HLS/2023.2/lib/lnx64.o/Ubuntu/18/libstdc++.so.6.0.25
7f76f26db000-7f76f28da000 ---p 00174000 103:02 104999301                 /tools/Xilinx/Vitis_HLS/2023.2/lib/lnx64.o/Ubuntu/18/libstdc++.so.6.0.25
7f76f28da000-7f76f28e4000 r--p 00173000 103:02 104999301                 /tools/Xilinx/Vitis_HLS/2023.2/lib/lnx64.o/Ubuntu/18/libstdc++.so.6.0.25
7f76f28e4000-7f76f28e6000 rw-p 0017d000 103:02 104999301                 /tools/Xilinx/Vitis_HLS/2023.2/lib/lnx64.o/Ubuntu/18/libstdc++.so.6.0.25
7f76f28e6000-7f76f28ea000 rw-p 00000000 00:00 0 
7f76f28ea000-7f76f28f1000 r-xp 00000000 103:02 26086396                  /usr/lib/x86_64-linux-gnu/libdrm_nouveau.so.2.0.0
7f76f28f1000-7f76f2af0000 ---p 00007000 103:02 26086396                  /usr/lib/x86_64-linux-gnu/libdrm_nouveau.so.2.0.0
7f76f2af0000-7f76f2af1000 r--p 00006000 103:02 26086396                  /usr/lib/x86_64-linux-gnu/libdrm_nouveau.so.2.0.0
7f76f2af1000-7f76f2af2000 rw-p 00007000 103:02 26086396                  /usr/lib/x86_64-linux-gnu/libdrm_nouveau.so.2.0.0
7f76f2af2000-7f76f2afb000 r-xp 00000000 103:02 26086392                  /usr/lib/x86_64-linux-gnu/libdrm_amdgpu.so.1.0.0
7f76f2afb000-7f76f2cfa000 ---p 00009000 103:02 26086392                  /usr/lib/x86_64-linux-gnu/libdrm_amdgpu.so.1.0.0
7f76f2cfa000-7f76f2cfb000 r--p 00008000 103:02 26086392                  /usr/lib/x86_64-linux-gnu/libdrm_amdgpu.so.1.0.0
7f76f2cfb000-7f76f2cfc000 rw-p 00009000 103:02 26086392                  /usr/lib/x86_64-linux-gnu/libdrm_amdgpu.so.1.0.0
7f76f2cfc000-7f76f2d07000 r-xp 00000000 103:02 26086398                  /usr/lib/x86_64-linux-gnu/libdrm_radeon.so.1.0.1
7f76f2d07000-7f76f2f06000 ---p 0000b000 103:02 26086398                  /usr/lib/x86_64-linux-gnu/libdrm_radeon.so.1.0.1
7f76f2f06000-7f76f2f07000 r--p 0000a000 103:02 26086398                  /usr/lib/x86_64-linux-gnu/libdrm_radeon.so.1.0.1
7f76f2f07000-7f76f2f08000 rw-p 0000b000 103:02 26086398                  /usr/lib/x86_64-linux-gnu/libdrm_radeon.so.1.0.1
7f76f2f08000-7f76f2f15000 r-xp 00000000 103:02 26086274                  /usr/lib/x86_64-linux-gnu/libsensors.so.4.4.0
7f76f2f15000-7f76f3115000 ---p 0000d000 103:02 26086274                  /usr/lib/x86_64-linux-gnu/libsensors.so.4.4.0
7f76f3115000-7f76f3116000 r--p 0000d000 103:02 26086274                  /usr/lib/x86_64-linux-gnu/libsensors.so.4.4.0
7f76f3116000-7f76f3117000 rw-p 0000e000 103:02 26086274                  /usr/lib/x86_64-linux-gnu/libsensors.so.4.4.0
7f76f3117000-7f76f311c000 r--p 00000000 103:02 26083751                  /usr/lib/x86_64-linux-gnu/libzstd.so.1.3.8
7f76f311c000-7f76f31a3000 r-xp 00005000 103:02 26083751                  /usr/lib/x86_64-linux-gnu/libzstd.so.1.3.8
7f76f31a3000-7f76f31b3000 r--p 0008c000 103:02 26083751                  /usr/lib/x86_64-linux-gnu/libzstd.so.1.3.8
7f76f31b3000-7f76f31b4000 ---p 0009c000 103:02 26083751                  /usr/lib/x86_64-linux-gnu/libzstd.so.1.3.8
7f76f31b4000-7f76f31b5000 r--p 0009c000 103:02 26083751                  /usr/lib/x86_64-linux-gnu/libzstd.so.1.3.8
7f76f31b5000-7f76f31b6000 rw-p 0009d000 103:02 26083751                  /usr/lib/x86_64-linux-gnu/libzstd.so.1.3.8
7f76f31b6000-7f76f71df000 r-xp 00000000 103:02 26086407                  /usr/lib/x86_64-linux-gnu/libLLVM-10.so.1
7f76f71df000-7f76f76ca000 r--p 04028000 103:02 26086407                  /usr/lib/x86_64-linux-gnu/libLLVM-10.so.1
7f76f76ca000-7f76f7852000 rw-p 04513000 103:02 26086407                  /usr/lib/x86_64-linux-gnu/libLLVM-10.so.1
7f76f7852000-7f76f78a8000 rw-p 00000000 00:00 0 
7f76f78a8000-7f76f8aad000 r-xp 00000000 103:02 26351861                  /usr/lib/x86_64-linux-gnu/dri/swrast_dri.so
7f76f8aad000-7f76f8cad000 ---p 01205000 103:02 26351861                  /usr/lib/x86_64-linux-gnu/dri/swrast_dri.so
7f76f8cad000-7f76f8d82000 r--p 01205000 103:02 26351861                  /usr/lib/x86_64-linux-gnu/dri/swrast_dri.so
7f76f8d82000-7f76f8dfa000 rw-p 012da000 103:02 26351861                  /usr/lib/x86_64-linux-gnu/dri/swrast_dri.so
7f76f8dfa000-7f76f90dc000 rw-p 00000000 00:00 0 
7f76f90dc000-7f76f90dd000 r-xp 00000000 103:02 26092035                  /usr/lib/x86_64-linux-gnu/libxshmfence.so.1.0.0
7f76f90dd000-7f76f92dc000 ---p 00001000 103:02 26092035                  /usr/lib/x86_64-linux-gnu/libxshmfence.so.1.0.0
7f76f92dc000-7f76f92dd000 r--p 00000000 103:02 26092035                  /usr/lib/x86_64-linux-gnu/libxshmfence.so.1.0.0
7f76f92dd000-7f76f92de000 rw-p 00001000 103:02 26092035                  /usr/lib/x86_64-linux-gnu/libxshmfence.so.1.0.0
7f76f92de000-7f76f92e3000 r-xp 00000000 103:02 26092009                  /usr/lib/x86_64-linux-gnu/libxcb-sync.so.1.0.0
7f76f92e3000-7f76f94e3000 ---p 00005000 103:02 26092009                  /usr/lib/x86_64-linux-gnu/libxcb-sync.so.1.0.0
7f76f94e3000-7f76f94e4000 r--p 00005000 103:02 26092009                  /usr/lib/x86_64-linux-gnu/libxcb-sync.so.1.0.0
7f76f94e4000-7f76f94e5000 rw-p 00006000 103:02 26092009                  /usr/lib/x86_64-linux-gnu/libxcb-sync.so.1.0.0
7f76f94e5000-7f76f94e7000 r-xp 00000000 103:02 26091995                  /usr/lib/x86_64-linux-gnu/libxcb-present.so.0.0.0
7f76f94e7000-7f76f96e6000 ---p 00002000 103:02 26091995                  /usr/lib/x86_64-linux-gnu/libxcb-present.so.0.0.0
7f76f96e6000-7f76f96e7000 r--p 00001000 103:02 26091995                  /usr/lib/x86_64-linux-gnu/libxcb-present.so.0.0.0
7f76f96e7000-7f76f96e8000 rw-p 00002000 103:02 26091995                  /usr/lib/x86_64-linux-gnu/libxcb-present.so.0.0.0
7f76f96e8000-7f76f96eb000 r-xp 00000000 103:02 26091985                  /usr/lib/x86_64-linux-gnu/libxcb-dri3.so.0.0.0
7f76f96eb000-7f76f98ea000 ---p 00003000 103:02 26091985                  /usr/lib/x86_64-linux-gnu/libxcb-dri3.so.0.0.0
7f76f98ea000-7f76f98eb000 r--p 00002000 103:02 26091985                  /usr/lib/x86_64-linux-gnu/libxcb-dri3.so.0.0.0
7f76f98eb000-7f76f98ec000 rw-p 00003000 103:02 26091985                  /usr/lib/x86_64-linux-gnu/libxcb-dri3.so.0.0.0
7f76f98ec000-7f76f98f1000 r-xp 00000000 103:02 26090855                  /usr/lib/x86_64-linux-gnu/libXxf86vm.so.1.0.0
7f76f98f1000-7f76f9af0000 ---p 00005000 103:02 26090855                  /usr/lib/x86_64-linux-gnu/libXxf86vm.so.1.0.0
7f76f9af0000-7f76f9af1000 r--p 00004000 103:02 26090855                  /usr/lib/x86_64-linux-gnu/libXxf86vm.so.1.0.0
7f76f9af1000-7f76f9af2000 rw-p 00005000 103:02 26090855                  /usr/lib/x86_64-linux-gnu/libXxf86vm.so.1.0.0
7f76f9af2000-7f76f9af6000 r-xp 00000000 103:02 26091983                  /usr/lib/x86_64-linux-gnu/libxcb-dri2.so.0.0.0
7f76f9af6000-7f76f9cf5000 ---p 00004000 103:02 26091983                  /usr/lib/x86_64-linux-gnu/libxcb-dri2.so.0.0.0
7f76f9cf5000-7f76f9cf6000 r--p 00003000 103:02 26091983                  /usr/lib/x86_64-linux-gnu/libxcb-dri2.so.0.0.0
7f76f9cf6000-7f76f9cf7000 rw-p 00004000 103:02 26091983                  /usr/lib/x86_64-linux-gnu/libxcb-dri2.so.0.0.0
7f76f9cf7000-7f76f9d0f000 r-xp 00000000 103:02 26091987                  /usr/lib/x86_64-linux-gnu/libxcb-glx.so.0.0.0
7f76f9d0f000-7f76f9f0f000 ---p 00018000 103:02 26091987                  /usr/lib/x86_64-linux-gnu/libxcb-glx.so.0.0.0
7f76f9f0f000-7f76f9f11000 r--p 00018000 103:02 26091987                  /usr/lib/x86_64-linux-gnu/libxcb-glx.so.0.0.0
7f76f9f11000-7f76f9f12000 rw-p 0001a000 103:02 26091987                  /usr/lib/x86_64-linux-gnu/libxcb-glx.so.0.0.0
7f76f9f12000-7f76f9f22000 r-xp 00000000 103:02 26085551                  /usr/lib/x86_64-linux-gnu/libdrm.so.2.4.0
7f76f9f22000-7f76fa121000 ---p 00010000 103:02 26085551                  /usr/lib/x86_64-linux-gnu/libdrm.so.2.4.0
7f76fa121000-7f76fa122000 r--p 0000f000 103:02 26085551                  /usr/lib/x86_64-linux-gnu/libdrm.so.2.4.0
7f76fa122000-7f76fa123000 rw-p 00010000 103:02 26085551                  /usr/lib/x86_64-linux-gnu/libdrm.so.2.4.0
7f76fa123000-7f76fa155000 r-xp 00000000 103:02 26086404                  /usr/lib/x86_64-linux-gnu/libglapi.so.0.0.0
7f76fa155000-7f76fa354000 ---p 00032000 103:02 26086404                  /usr/lib/x86_64-linux-gnu/libglapi.so.0.0.0
7f76fa354000-7f76fa358000 r--p 00031000 103:02 26086404                  /usr/lib/x86_64-linux-gnu/libglapi.so.0.0.0
7f76fa358000-7f76fa359000 rw-p 00035000 103:02 26086404                  /usr/lib/x86_64-linux-gnu/libglapi.so.0.0.0
7f76fa359000-7f76fa35a000 rw-p 00000000 00:00 0 
7f76fa35a000-7f76fa3cd000 r-xp 00000000 103:02 26086402                  /usr/lib/x86_64-linux-gnu/libGLX_mesa.so.0.0.0
7f76fa3cd000-7f76fa5cd000 ---p 00073000 103:02 26086402                  /usr/lib/x86_64-linux-gnu/libGLX_mesa.so.0.0.0
7f76fa5cd000-7f76fa5d0000 r--p 00073000 103:02 26086402                  /usr/lib/x86_64-linux-gnu/libGLX_mesa.so.0.0.0
7f76fa5d0000-7f76fa5d1000 rw-p 00076000 103:02 26086402                  /usr/lib/x86_64-linux-gnu/libGLX_mesa.so.0.0.0
7f76fa5d1000-7f76fa5d2000 rw-p 00000000 00:00 0 
7f76fa5d2000-7f76fa640000 r-xp 00000000 103:02 26090766                  /usr/lib/x86_64-linux-gnu/libGLdispatch.so.0.0.0
7f76fa640000-7f76fa83f000 ---p 0006e000 103:02 26090766                  /usr/lib/x86_64-linux-gnu/libGLdispatch.so.0.0.0
7f76fa83f000-7f76fa867000 r--p 0006d000 103:02 26090766                  /usr/lib/x86_64-linux-gnu/libGLdispatch.so.0.0.0
7f76fa867000-7f76fa868000 rw-p 00095000 103:02 26090766                  /usr/lib/x86_64-linux-gnu/libGLdispatch.so.0.0.0
7f76fa868000-7f76fa888000 rw-p 00000000 00:00 0 
7f76fa888000-7f76fa898000 r-xp 00000000 103:02 26090761                  /usr/lib/x86_64-linux-gnu/libGLX.so.0.0.0
7f76fa898000-7f76faa97000 ---p 00010000 103:02 26090761                  /usr/lib/x86_64-linux-gnu/libGLX.so.0.0.0
7f76faa97000-7f76faa98000 r--p 0000f000 103:02 26090761                  /usr/lib/x86_64-linux-gnu/libGLX.so.0.0.0
7f76faa98000-7f76faa99000 rw-p 00010000 103:02 26090761                  /usr/lib/x86_64-linux-gnu/libGLX.so.0.0.0
7f76faa99000-7f76faab9000 rw-p 00000000 00:00 0 
7f76faab9000-7f76fab2a000 r-xp 00000000 103:02 26090755                  /usr/lib/x86_64-linux-gnu/libGL.so.1.0.0
7f76fab2a000-7f76fad29000 ---p 00071000 103:02 26090755                  /usr/lib/x86_64-linux-gnu/libGL.so.1.0.0
7f76fad29000-7f76fad43000 r--p 00070000 103:02 26090755                  /usr/lib/x86_64-linux-gnu/libGL.so.1.0.0
7f76fad43000-7f76fad44000 rw-p 0008a000 103:02 26090755                  /usr/lib/x86_64-linux-gnu/libGL.so.1.0.0
7f76fad44000-7f76fad45000 rw-p 00000000 00:00 0 
7f76fad45000-7f76fad59000 r-xp 00000000 103:02 56890497                  /lib/x86_64-linux-gnu/libgpg-error.so.0.22.0
7f76fad59000-7f76faf58000 ---p 00014000 103:02 56890497                  /lib/x86_64-linux-gnu/libgpg-error.so.0.22.0
7f76faf58000-7f76faf59000 r--p 00013000 103:02 56890497                  /lib/x86_64-linux-gnu/libgpg-error.so.0.22.0
7f76faf59000-7f76faf5a000 rw-p 00014000 103:02 56890497                  /lib/x86_64-linux-gnu/libgpg-error.so.0.22.0
7f76faf5a000-7f76fb06e000 r-xp 00000000 103:02 56886516                  /lib/x86_64-linux-gnu/libgcrypt.so.20.2.1
7f76fb06e000-7f76fb26e000 ---p 00114000 103:02 56886516                  /lib/x86_64-linux-gnu/libgcrypt.so.20.2.1
7f76fb26e000-7f76fb270000 r--p 00114000 103:02 56886516                  /lib/x86_64-linux-gnu/libgcrypt.so.20.2.1
7f76fb270000-7f76fb275000 rw-p 00116000 103:02 56886516                  /lib/x86_64-linux-gnu/libgcrypt.so.20.2.1
7f76fb275000-7f76fb276000 rw-p 00000000 00:00 0 
7f76fb276000-7f76fb286000 r--p 00000000 103:02 56885615                  /lib/x86_64-linux-gnu/libsystemd.so.0.25.0
7f76fb286000-7f76fb2f0000 r-xp 00010000 103:02 56885615                  /lib/x86_64-linux-gnu/libsystemd.so.0.25.0
7f76fb2f0000-7f76fb311000 r--p 0007a000 103:02 56885615                  /lib/x86_64-linux-gnu/libsystemd.so.0.25.0
7f76fb311000-7f76fb312000 ---p 0009b000 103:02 56885615                  /lib/x86_64-linux-gnu/libsystemd.so.0.25.0
7f76fb312000-7f76fb315000 r--p 0009b000 103:02 56885615                  /lib/x86_64-linux-gnu/libsystemd.so.0.25.0
7f76fb315000-7f76fb316000 rw-p 0009e000 103:02 56885615                  /lib/x86_64-linux-gnu/libsystemd.so.0.25.0
7f76fb316000-7f76fb317000 rw-p 00000000 00:00 0 
7f76fb317000-7f76fb343000 r-xp 00000000 103:02 26090896                  /usr/lib/x86_64-linux-gnu/libatspi.so.0.0.1
7f76fb343000-7f76fb543000 ---p 0002c000 103:02 26090896                  /usr/lib/x86_64-linux-gnu/libatspi.so.0.0.1
7f76fb543000-7f76fb546000 r--p 0002c000 103:02 26090896                  /usr/lib/x86_64-linux-gnu/libatspi.so.0.0.1
7f76fb546000-7f76fb547000 rw-p 0002f000 103:02 26090896                  /usr/lib/x86_64-linux-gnu/libatspi.so.0.0.1
7f76fb547000-7f76fb592000 r-xp 00000000 103:02 56889570                  /lib/x86_64-linux-gnu/libdbus-1.so.3.19.4
7f76fb592000-7f76fb792000 ---p 0004b000 103:02 56889570                  /lib/x86_64-linux-gnu/libdbus-1.so.3.19.4
7f76fb792000-7f76fb793000 r--p 0004b000 103:02 56889570                  /lib/x86_64-linux-gnu/libdbus-1.so.3.19.4
7f76fb793000-7f76fb794000 rw-p 0004c000 103:02 56889570                  /lib/x86_64-linux-gnu/libdbus-1.so.3.19.4
7f76fb794000-7f76fb7c2000 r-xp 00000000 103:02 26090894                  /usr/lib/x86_64-linux-gnu/libatk-bridge-2.0.so.0.0.0
7f76fb7c2000-7f76fb9c2000 ---p 0002e000 103:02 26090894                  /usr/lib/x86_64-linux-gnu/libatk-bridge-2.0.so.0.0.0
7f76fb9c2000-7f76fb9c3000 r--p 0002e000 103:02 26090894                  /usr/lib/x86_64-linux-gnu/libatk-bridge-2.0.so.0.0.0
7f76fb9c3000-7f76fb9c4000 rw-p 0002f000 103:02 26090894                  /usr/lib/x86_64-linux-gnu/libatk-bridge-2.0.so.0.0.0
7f76fb9c4000-7f76fb9c5000 rw-p 00000000 00:00 0 
7f76fb9c5000-7f76fb9e7000 r-xp 00000000 103:02 26090892                  /usr/lib/x86_64-linux-gnu/libatk-1.0.so.0.22810.1
7f76fb9e7000-7f76fbbe7000 ---p 00022000 103:02 26090892                  /usr/lib/x86_64-linux-gnu/libatk-1.0.so.0.22810.1
7f76fbbe7000-7f76fbbea000 r--p 00022000 103:02 26090892                  /usr/lib/x86_64-linux-gnu/libatk-1.0.so.0.22810.1
7f76fbbea000-7f76fbbeb000 rw-p 00025000 103:02 26090892                  /usr/lib/x86_64-linux-gnu/libatk-1.0.so.0.22810.1
7f76fbbeb000-7f76fc2dc000 r-xp 00000000 103:02 26091353                  /usr/lib/x86_64-linux-gnu/libgtk-3.so.0.2200.30
7f76fc2dc000-7f76fc4dc000 ---p 006f1000 103:02 26091353                  /usr/lib/x86_64-linux-gnu/libgtk-3.so.0.2200.30
7f76fc4dc000-7f76fc4e7000 r--p 006f1000 103:02 26091353                  /usr/lib/x86_64-linux-gnu/libgtk-3.so.0.2200.30
7f76fc4e7000-7f76fc4ee000 rw-p 006fc000 103:02 26091353                  /usr/lib/x86_64-linux-gnu/libgtk-3.so.0.2200.30
7f76fc4ee000-7f76fc4f3000 rw-p 00000000 00:00 0 
7f76fc4f3000-7f76fc506000 r-xp 00000000 103:02 56890452                  /lib/x86_64-linux-gnu/libbsd.so.0.8.7
7f76fc506000-7f76fc705000 ---p 00013000 103:02 56890452                  /lib/x86_64-linux-gnu/libbsd.so.0.8.7
7f76fc705000-7f76fc706000 r--p 00012000 103:02 56890452                  /lib/x86_64-linux-gnu/libbsd.so.0.8.7
7f76fc706000-7f76fc707000 rw-p 00013000 103:02 56890452                  /lib/x86_64-linux-gnu/libbsd.so.0.8.7
7f76fc707000-7f76fc708000 rw-p 00000000 00:00 0 
7f76fc708000-7f76fc733000 r-xp 00000000 103:02 26091297                  /usr/lib/x86_64-linux-gnu/libgraphite2.so.3.0.1
7f76fc733000-7f76fc932000 ---p 0002b000 103:02 26091297                  /usr/lib/x86_64-linux-gnu/libgraphite2.so.3.0.1
7f76fc932000-7f76fc934000 r--p 0002a000 103:02 26091297                  /usr/lib/x86_64-linux-gnu/libgraphite2.so.3.0.1
7f76fc934000-7f76fc935000 rw-p 0002c000 103:02 26091297                  /usr/lib/x86_64-linux-gnu/libgraphite2.so.3.0.1
7f76fc935000-7f76fc93a000 r-xp 00000000 103:02 26090817                  /usr/lib/x86_64-linux-gnu/libXdmcp.so.6.0.0
7f76fc93a000-7f76fcb39000 ---p 00005000 103:02 26090817                  /usr/lib/x86_64-linux-gnu/libXdmcp.so.6.0.0
7f76fcb39000-7f76fcb3a000 r--p 00004000 103:02 26090817                  /usr/lib/x86_64-linux-gnu/libXdmcp.so.6.0.0
7f76fcb3a000-7f76fcb3b000 rw-p 00005000 103:02 26090817                  /usr/lib/x86_64-linux-gnu/libXdmcp.so.6.0.0
7f76fcb3b000-7f76fcb3d000 r-xp 00000000 103:02 26085545                  /usr/lib/x86_64-linux-gnu/libXau.so.6.0.0
7f76fcb3d000-7f76fcd3d000 ---p 00002000 103:02 26085545                  /usr/lib/x86_64-linux-gnu/libXau.so.6.0.0
7f76fcd3d000-7f76fcd3e000 r--p 00002000 103:02 26085545                  /usr/lib/x86_64-linux-gnu/libXau.so.6.0.0
7f76fcd3e000-7f76fcd3f000 rw-p 00003000 103:02 26085545                  /usr/lib/x86_64-linux-gnu/libXau.so.6.0.0
7f76fcd3f000-7f76fcd49000 r--p 00000000 103:02 56885950                  /lib/x86_64-linux-gnu/libblkid.so.1.1.0
7f76fcd49000-7f76fcd7d000 r-xp 0000a000 103:02 56885950                  /lib/x86_64-linux-gnu/libblkid.so.1.1.0
7f76fcd7d000-7f76fcd8d000 r--p 0003e000 103:02 56885950                  /lib/x86_64-linux-gnu/libblkid.so.1.1.0
7f76fcd8d000-7f76fcd8e000 ---p 0004e000 103:02 56885950                  /lib/x86_64-linux-gnu/libblkid.so.1.1.0
7f76fcd8e000-7f76fcd93000 r--p 0004e000 103:02 56885950                  /lib/x86_64-linux-gnu/libblkid.so.1.1.0
7f76fcd93000-7f76fcd94000 rw-p 00053000 103:02 56885950                  /lib/x86_64-linux-gnu/libblkid.so.1.1.0
7f76fcd94000-7f76fcd9a000 r-xp 00000000 103:02 26091040                  /usr/lib/x86_64-linux-gnu/libdatrie.so.1.3.3
7f76fcd9a000-7f76fcf99000 ---p 00006000 103:02 26091040                  /usr/lib/x86_64-linux-gnu/libdatrie.so.1.3.3
7f76fcf99000-7f76fcf9a000 r--p 00005000 103:02 26091040                  /usr/lib/x86_64-linux-gnu/libdatrie.so.1.3.3
7f76fcf9a000-7f76fcf9b000 rw-p 00006000 103:02 26091040                  /usr/lib/x86_64-linux-gnu/libdatrie.so.1.3.3
7f76fcf9b000-7f76fd037000 r-xp 00000000 103:02 26091380                  /usr/lib/x86_64-linux-gnu/libharfbuzz.so.0.10702.0
7f76fd037000-7f76fd237000 ---p 0009c000 103:02 26091380                  /usr/lib/x86_64-linux-gnu/libharfbuzz.so.0.10702.0
7f76fd237000-7f76fd238000 r--p 0009c000 103:02 26091380                  /usr/lib/x86_64-linux-gnu/libharfbuzz.so.0.10702.0
7f76fd238000-7f76fd239000 rw-p 0009d000 103:02 26091380                  /usr/lib/x86_64-linux-gnu/libharfbuzz.so.0.10702.0
7f76fd239000-7f76fd245000 r-xp 00000000 103:02 26092001                  /usr/lib/x86_64-linux-gnu/libxcb-render.so.0.0.0
7f76fd245000-7f76fd444000 ---p 0000c000 103:02 26092001                  /usr/lib/x86_64-linux-gnu/libxcb-render.so.0.0.0
7f76fd444000-7f76fd445000 r--p 0000b000 103:02 26092001                  /usr/lib/x86_64-linux-gnu/libxcb-render.so.0.0.0
7f76fd445000-7f76fd446000 rw-p 0000c000 103:02 26092001                  /usr/lib/x86_64-linux-gnu/libxcb-render.so.0.0.0
7f76fd446000-7f76fd448000 r-xp 00000000 103:02 26092007                  /usr/lib/x86_64-linux-gnu/libxcb-shm.so.0.0.0
7f76fd448000-7f76fd647000 ---p 00002000 103:02 26092007                  /usr/lib/x86_64-linux-gnu/libxcb-shm.so.0.0.0
7f76fd647000-7f76fd648000 r--p 00001000 103:02 26092007                  /usr/lib/x86_64-linux-gnu/libxcb-shm.so.0.0.0
7f76fd648000-7f76fd649000 rw-p 00002000 103:02 26092007                  /usr/lib/x86_64-linux-gnu/libxcb-shm.so.0.0.0
7f76fd649000-7f76fd67a000 r-xp 00000000 103:02 26091676                  /usr/lib/x86_64-linux-gnu/libpng16.so.16.34.0
7f76fd67a000-7f76fd879000 ---p 00031000 103:02 26091676                  /usr/lib/x86_64-linux-gnu/libpng16.so.16.34.0
7f76fd879000-7f76fd87a000 r--p 00030000 103:02 26091676                  /usr/lib/x86_64-linux-gnu/libpng16.so.16.34.0
7f76fd87a000-7f76fd87b000 rw-p 00031000 103:02 26091676                  /usr/lib/x86_64-linux-gnu/libpng16.so.16.34.0
7f76fd87b000-7f76fd885000 r--p 00000000 103:02 26085084                  /usr/lib/x86_64-linux-gnu/libpixman-1.so.0.36.0
7f76fd885000-7f76fd909000 r-xp 0000a000 103:02 26085084                  /usr/lib/x86_64-linux-gnu/libpixman-1.so.0.36.0
7f76fd909000-7f76fd919000 r--p 0008e000 103:02 26085084                  /usr/lib/x86_64-linux-gnu/libpixman-1.so.0.36.0
7f76fd919000-7f76fd921000 r--p 0009d000 103:02 26085084                  /usr/lib/x86_64-linux-gnu/libpixman-1.so.0.36.0
7f76fd921000-7f76fd922000 rw-p 000a5000 103:02 26085084                  /usr/lib/x86_64-linux-gnu/libpixman-1.so.0.36.0
7f76fd922000-7f76fd948000 r-xp 00000000 103:02 26092019                  /usr/lib/x86_64-linux-gnu/libxcb.so.1.1.0
7f76fd948000-7f76fdb48000 ---p 00026000 103:02 26092019                  /usr/lib/x86_64-linux-gnu/libxcb.so.1.1.0
7f76fdb48000-7f76fdb49000 r--p 00026000 103:02 26092019                  /usr/lib/x86_64-linux-gnu/libxcb.so.1.1.0
7f76fdb49000-7f76fdb4a000 rw-p 00027000 103:02 26092019                  /usr/lib/x86_64-linux-gnu/libxcb.so.1.1.0
7f76fdb4a000-7f76fdb53000 r-xp 00000000 103:02 26090839                  /usr/lib/x86_64-linux-gnu/libXrender.so.1.3.0
7f76fdb53000-7f76fdd52000 ---p 00009000 103:02 26090839                  /usr/lib/x86_64-linux-gnu/libXrender.so.1.3.0
7f76fdd52000-7f76fdd53000 r--p 00008000 103:02 26090839                  /usr/lib/x86_64-linux-gnu/libXrender.so.1.3.0
7f76fdd53000-7f76fdd54000 rw-p 00009000 103:02 26090839                  /usr/lib/x86_64-linux-gnu/libXrender.so.1.3.0
7f76fdd54000-7f76fdd58000 r--p 00000000 103:02 56885958                  /lib/x86_64-linux-gnu/libexpat.so.1.6.8
7f76fdd58000-7f76fdd79000 r-xp 00004000 103:02 56885958                  /lib/x86_64-linux-gnu/libexpat.so.1.6.8
7f76fdd79000-7f76fdd8d000 r--p 00025000 103:02 56885958                  /lib/x86_64-linux-gnu/libexpat.so.1.6.8
7f76fdd8d000-7f76fdd8e000 ---p 00039000 103:02 56885958                  /lib/x86_64-linux-gnu/libexpat.so.1.6.8
7f76fdd8e000-7f76fdd90000 r--p 00039000 103:02 56885958                  /lib/x86_64-linux-gnu/libexpat.so.1.6.8
7f76fdd90000-7f76fdd91000 rw-p 0003b000 103:02 56885958                  /lib/x86_64-linux-gnu/libexpat.so.1.6.8
7f76fdd91000-7f76fde01000 r-xp 00000000 103:02 56886966                  /lib/x86_64-linux-gnu/libpcre.so.3.13.3
7f76fde01000-7f76fe000000 ---p 00070000 103:02 56886966                  /lib/x86_64-linux-gnu/libpcre.so.3.13.3
7f76fe000000-7f76fe001000 r--p 0006f000 103:02 56886966                  /lib/x86_64-linux-gnu/libpcre.so.3.13.3
7f76fe001000-7f76fe002000 rw-p 00070000 103:02 56886966                  /lib/x86_64-linux-gnu/libpcre.so.3.13.3
7f76fe002000-7f76fe009000 r-xp 00000000 103:02 26091154                  /usr/lib/x86_64-linux-gnu/libffi.so.6.0.4
7f76fe009000-7f76fe208000 ---p 00007000 103:02 26091154                  /usr/lib/x86_64-linux-gnu/libffi.so.6.0.4
7f76fe208000-7f76fe209000 r--p 00006000 103:02 26091154                  /usr/lib/x86_64-linux-gnu/libffi.so.6.0.4
7f76fe209000-7f76fe20a000 rw-p 00007000 103:02 26091154                  /usr/lib/x86_64-linux-gnu/libffi.so.6.0.4
7f76fe20a000-7f76fe22f000 r-xp 00000000 103:02 56890601                  /lib/x86_64-linux-gnu/libselinux.so.1
7f76fe22f000-7f76fe42e000 ---p 00025000 103:02 56890601                  /lib/x86_64-linux-gnu/libselinux.so.1
7f76fe42e000-7f76fe42f000 r--p 00024000 103:02 56890601                  /lib/x86_64-linux-gnu/libselinux.so.1
7f76fe42f000-7f76fe430000 rw-p 00025000 103:02 56890601                  /lib/x86_64-linux-gnu/libselinux.so.1
7f76fe430000-7f76fe432000 rw-p 00000000 00:00 0 
7f76fe432000-7f76fe43e000 r--p 00000000 103:02 56885952                  /lib/x86_64-linux-gnu/libmount.so.1.1.0
7f76fe43e000-7f76fe47a000 r-xp 0000c000 103:02 56885952                  /lib/x86_64-linux-gnu/libmount.so.1.1.0
7f76fe47a000-7f76fe48c000 r--p 00048000 103:02 56885952                  /lib/x86_64-linux-gnu/libmount.so.1.1.0
7f76fe48c000-7f76fe48d000 ---p 0005a000 103:02 56885952                  /lib/x86_64-linux-gnu/libmount.so.1.1.0
7f76fe48d000-7f76fe490000 r--p 0005a000 103:02 56885952                  /lib/x86_64-linux-gnu/libmount.so.1.1.0
7f76fe490000-7f76fe491000 rw-p 0005d000 103:02 56885952                  /lib/x86_64-linux-gnu/libmount.so.1.1.0
7f76fe491000-7f76fe499000 r-xp 00000000 103:02 26091854                  /usr/lib/x86_64-linux-gnu/libthai.so.0.3.0
7f76fe499000-7f76fe698000 ---p 00008000 103:02 26091854                  /usr/lib/x86_64-linux-gnu/libthai.so.0.3.0
7f76fe698000-7f76fe699000 r--p 00007000 103:02 26091854                  /usr/lib/x86_64-linux-gnu/libthai.so.0.3.0
7f76fe699000-7f76fe69a000 rw-p 00008000 103:02 26091854                  /usr/lib/x86_64-linux-gnu/libthai.so.0.3.0
7f76fe69a000-7f76fe6a7000 r--p 00000000 103:02 26087941                  /usr/lib/x86_64-linux-gnu/libfreetype.so.6.16.1
7f76fe6a7000-7f76fe724000 r-xp 0000d000 103:02 26087941                  /usr/lib/x86_64-linux-gnu/libfreetype.so.6.16.1
7f76fe724000-7f76fe74d000 r--p 0008a000 103:02 26087941                  /usr/lib/x86_64-linux-gnu/libfreetype.so.6.16.1
7f76fe74d000-7f76fe74e000 ---p 000b3000 103:02 26087941                  /usr/lib/x86_64-linux-gnu/libfreetype.so.6.16.1
7f76fe74e000-7f76fe755000 r--p 000b3000 103:02 26087941                  /usr/lib/x86_64-linux-gnu/libfreetype.so.6.16.1
7f76fe755000-7f76fe756000 rw-p 000ba000 103:02 26087941                  /usr/lib/x86_64-linux-gnu/libfreetype.so.6.16.1
7f76fe756000-7f76fe76a000 r-xp 00000000 103:02 26091642                  /usr/lib/x86_64-linux-gnu/libpangoft2-1.0.so.0.4000.14
7f76fe76a000-7f76fe96a000 ---p 00014000 103:02 26091642                  /usr/lib/x86_64-linux-gnu/libpangoft2-1.0.so.0.4000.14
7f76fe96a000-7f76fe96b000 r--p 00014000 103:02 26091642                  /usr/lib/x86_64-linux-gnu/libpangoft2-1.0.so.0.4000.14
7f76fe96b000-7f76fe96c000 rw-p 00015000 103:02 26091642                  /usr/lib/x86_64-linux-gnu/libpangoft2-1.0.so.0.4000.14
7f76fe96c000-7f76fea5f000 r-xp 00000000 103:02 26091122                  /usr/lib/x86_64-linux-gnu/libepoxy.so.0.0.0
7f76fea5f000-7f76fec5f000 ---p 000f3000 103:02 26091122                  /usr/lib/x86_64-linux-gnu/libepoxy.so.0.0.0
7f76fec5f000-7f76fec66000 r--p 000f3000 103:02 26091122                  /usr/lib/x86_64-linux-gnu/libepoxy.so.0.0.0
7f76fec66000-7f76fec6d000 rw-p 000fa000 103:02 26091122                  /usr/lib/x86_64-linux-gnu/libepoxy.so.0.0.0
7f76fec6d000-7f76fed85000 r-xp 00000000 103:02 26090963                  /usr/lib/x86_64-linux-gnu/libcairo.so.2.11510.0
7f76fed85000-7f76fef84000 ---p 00118000 103:02 26090963                  /usr/lib/x86_64-linux-gnu/libcairo.so.2.11510.0
7f76fef84000-7f76fef87000 r--p 00117000 103:02 26090963                  /usr/lib/x86_64-linux-gnu/libcairo.so.2.11510.0
7f76fef87000-7f76fef89000 rw-p 0011a000 103:02 26090963                  /usr/lib/x86_64-linux-gnu/libcairo.so.2.11510.0
7f76fef89000-7f76fef8a000 rw-p 00000000 00:00 0 
7f76fef8a000-7f76fef9b000 r-xp 00000000 103:02 26090819                  /usr/lib/x86_64-linux-gnu/libXext.so.6.4.0
7f76fef9b000-7f76ff19a000 ---p 00011000 103:02 26090819                  /usr/lib/x86_64-linux-gnu/libXext.so.6.4.0
7f76ff19a000-7f76ff19b000 r--p 00010000 103:02 26090819                  /usr/lib/x86_64-linux-gnu/libXext.so.6.4.0
7f76ff19b000-7f76ff19c000 rw-p 00011000 103:02 26090819                  /usr/lib/x86_64-linux-gnu/libXext.so.6.4.0
7f76ff19c000-7f76ff1a9000 r-xp 00000000 103:02 26083472                  /usr/lib/x86_64-linux-gnu/libwayland-client.so.0.3.0
7f76ff1a9000-7f76ff3a8000 ---p 0000d000 103:02 26083472                  /usr/lib/x86_64-linux-gnu/libwayland-client.so.0.3.0
7f76ff3a8000-7f76ff3aa000 r--p 0000c000 103:02 26083472                  /usr/lib/x86_64-linux-gnu/libwayland-client.so.0.3.0
7f76ff3aa000-7f76ff3ab000 rw-p 0000e000 103:02 26083472                  /usr/lib/x86_64-linux-gnu/libwayland-client.so.0.3.0
7f76ff3ab000-7f76ff3ac000 r-xp 00000000 103:02 26086333                  /usr/lib/x86_64-linux-gnu/libwayland-egl.so.1.0.0
7f76ff3ac000-7f76ff5ab000 ---p 00001000 103:02 26086333                  /usr/lib/x86_64-linux-gnu/libwayland-egl.so.1.0.0
7f76ff5ab000-7f76ff5ac000 r--p 00000000 103:02 26086333                  /usr/lib/x86_64-linux-gnu/libwayland-egl.so.1.0.0
7f76ff5ac000-7f76ff5ad000 rw-p 00001000 103:02 26086333                  /usr/lib/x86_64-linux-gnu/libwayland-egl.so.1.0.0
7f76ff5ad000-7f76ff5b1000 r-xp 00000000 103:02 26084486                  /usr/lib/x86_64-linux-gnu/libwayland-cursor.so.0.0.0
7f76ff5b1000-7f76ff7b0000 ---p 00004000 103:02 26084486                  /usr/lib/x86_64-linux-gnu/libwayland-cursor.so.0.0.0
7f76ff7b0000-7f76ff7b1000 r--p 00003000 103:02 26084486                  /usr/lib/x86_64-linux-gnu/libwayland-cursor.so.0.0.0
7f76ff7b1000-7f76ff7b5000 rw-p 00004000 103:02 26084486                  /usr/lib/x86_64-linux-gnu/libwayland-cursor.so.0.0.0
7f76ff7b5000-7f76ff7f2000 r-xp 00000000 103:02 26092023                  /usr/lib/x86_64-linux-gnu/libxkbcommon.so.0.0.0
7f76ff7f2000-7f76ff9f1000 ---p 0003d000 103:02 26092023                  /usr/lib/x86_64-linux-gnu/libxkbcommon.so.0.0.0
7f76ff9f1000-7f76ff9f3000 r--p 0003c000 103:02 26092023                  /usr/lib/x86_64-linux-gnu/libxkbcommon.so.0.0.0
7f76ff9f3000-7f76ff9f4000 rw-p 0003e000 103:02 26092023                  /usr/lib/x86_64-linux-gnu/libxkbcommon.so.0.0.0
7f76ff9f4000-7f76ff9f9000 r-xp 00000000 103:02 26090821                  /usr/lib/x86_64-linux-gnu/libXfixes.so.3.1.0
7f76ff9f9000-7f76ffbf8000 ---p 00005000 103:02 26090821                  /usr/lib/x86_64-linux-gnu/libXfixes.so.3.1.0
7f76ffbf8000-7f76ffbf9000 r--p 00004000 103:02 26090821                  /usr/lib/x86_64-linux-gnu/libXfixes.so.3.1.0
7f76ffbf9000-7f76ffbfa000 rw-p 00005000 103:02 26090821                  /usr/lib/x86_64-linux-gnu/libXfixes.so.3.1.0
7f76ffbfa000-7f76ffbfc000 r-xp 00000000 103:02 26090815                  /usr/lib/x86_64-linux-gnu/libXdamage.so.1.1.0
7f76ffbfc000-7f76ffdfb000 ---p 00002000 103:02 26090815                  /usr/lib/x86_64-linux-gnu/libXdamage.so.1.1.0
7f76ffdfb000-7f76ffdfc000 r--p 00001000 103:02 26090815                  /usr/lib/x86_64-linux-gnu/libXdamage.so.1.1.0
7f76ffdfc000-7f76ffdfd000 rw-p 00002000 103:02 26090815                  /usr/lib/x86_64-linux-gnu/libXdamage.so.1.1.0
7f76ffdfd000-7f76ffdff000 r-xp 00000000 103:02 26090811                  /usr/lib/x86_64-linux-gnu/libXcomposite.so.1.0.0
7f76ffdff000-7f76ffffe000 ---p 00002000 103:02 26090811                  /usr/lib/x86_64-linux-gnu/libXcomposite.so.1.0.0
7f76ffffe000-7f76fffff000 r--p 00001000 103:02 26090811                  /usr/lib/x86_64-linux-gnu/libXcomposite.so.1.0.0
7f76fffff000-7f7700000000 rw-p 00002000 103:02 26090811                  /usr/lib/x86_64-linux-gnu/libXcomposite.so.1.0.0
7f7700000000-7f770032f000 rw-p 00000000 00:00 0 
7f770032f000-7f7704000000 ---p 00000000 00:00 0 
7f7704000000-7f770425f000 rw-p 00000000 00:00 0 
7f770425f000-7f7708000000 ---p 00000000 00:00 0 
7f7708000000-7f77092a5000 rw-p 00000000 00:00 0 
7f77092a5000-7f770c000000 ---p 00000000 00:00 0 
7f770c000000-7f770c021000 rw-p 00000000 00:00 0 
7f770c021000-7f7710000000 ---p 00000000 00:00 0 
7f7710000000-7f7710021000 rw-p 00000000 00:00 0 
7f7710021000-7f7714000000 ---p 00000000 00:00 0 
7f7714000000-7f77142df000 rw-p 00000000 00:00 0 
7f77142df000-7f7718000000 ---p 00000000 00:00 0 
7f7718000000-7f77183de000 rw-p 00000000 00:00 0 
7f77183de000-7f771c000000 ---p 00000000 00:00 0 
7f771c000000-7f771c021000 rw-p 00000000 00:00 0 
7f771c021000-7f7720000000 ---p 00000000 00:00 0 
7f7720000000-7f7720021000 rw-p 00000000 00:00 0 
7f7720021000-7f7724000000 ---p 00000000 00:00 0 
7f7724000000-7f772506a000 rw-p 00000000 00:00 0 
7f772506a000-7f7728000000 ---p 00000000 00:00 0 
7f7728000000-7f7728021000 rw-p 00000000 00:00 0 
7f7728021000-7f772c000000 ---p 00000000 00:00 0 
7f772c000000-7f772c021000 rw-p 00000000 00:00 0 
7f772c021000-7f7730000000 ---p 00000000 00:00 0 
7f7730000000-7f77301d6000 rw-p 00000000 00:00 0 
7f77301d6000-7f7734000000 ---p 00000000 00:00 0 
7f7734000000-7f7734021000 rw-p 00000000 00:00 0 
7f7734021000-7f7738000000 ---p 00000000 00:00 0 
7f7738000000-7f7738021000 rw-p 00000000 00:00 0 
7f7738021000-7f773c000000 ---p 00000000 00:00 0 
7f773c000000-7f773c001000 r--s 00000000 103:02 63442105                  /var/cache/fontconfig/2171a34dccabdb6bcbbc728186263178-le64.cache-7
7f773c001000-7f773c002000 r--s 00000000 103:02 63442103                  /var/cache/fontconfig/c5c45a61289222e0d30b1a26ef4effbe-le64.cache-7
7f773c002000-7f773c003000 r--s 00000000 103:02 63441918                  /var/cache/fontconfig/aec30016f93e1b46d1a973dce0d74068-le64.cache-7
7f773c003000-7f773c004000 r--s 00000000 103:02 63441917                  /var/cache/fontconfig/3f589640d34b7dc9042c8d453f7c8b9c-le64.cache-7
7f773c004000-7f773c00a000 r--s 00000000 103:02 63441874                  /var/cache/fontconfig/3047814df9a2f067bd2d96a2b9c36e5a-le64.cache-7
7f773c00a000-7f773c010000 r--s 00000000 103:02 63441838                  /var/cache/fontconfig/b47c4e1ecd0709278f4910c18777a504-le64.cache-7
7f773c010000-7f773c01d000 r--p 00000000 103:02 56885972                  /lib/x86_64-linux-gnu/libtinfo.so.5.9
7f773c01d000-7f773c02a000 r-xp 0000d000 103:02 56885972                  /lib/x86_64-linux-gnu/libtinfo.so.5.9
7f773c02a000-7f773c037000 r--p 0001a000 103:02 56885972                  /lib/x86_64-linux-gnu/libtinfo.so.5.9
7f773c037000-7f773c03b000 r--p 00026000 103:02 56885972                  /lib/x86_64-linux-gnu/libtinfo.so.5.9
7f773c03b000-7f773c03c000 rw-p 0002a000 103:02 56885972                  /lib/x86_64-linux-gnu/libtinfo.so.5.9
7f773c03c000-7f773c058000 r--p 00000000 103:02 26085709                  /usr/lib/x86_64-linux-gnu/libX11.so.6.3.0
7f773c058000-7f773c0e2000 r-xp 0001c000 103:02 26085709                  /usr/lib/x86_64-linux-gnu/libX11.so.6.3.0
7f773c0e2000-7f773c176000 r--p 000a6000 103:02 26085709                  /usr/lib/x86_64-linux-gnu/libX11.so.6.3.0
7f773c176000-7f773c177000 ---p 0013a000 103:02 26085709                  /usr/lib/x86_64-linux-gnu/libX11.so.6.3.0
7f773c177000-7f773c178000 r--p 0013a000 103:02 26085709                  /usr/lib/x86_64-linux-gnu/libX11.so.6.3.0
7f773c178000-7f773c17d000 rw-p 0013b000 103:02 26085709                  /usr/lib/x86_64-linux-gnu/libX11.so.6.3.0
7f773c17d000-7f773c186000 r-xp 00000000 103:02 26090813                  /usr/lib/x86_64-linux-gnu/libXcursor.so.1.0.2
7f773c186000-7f773c385000 ---p 00009000 103:02 26090813                  /usr/lib/x86_64-linux-gnu/libXcursor.so.1.0.2
7f773c385000-7f773c386000 r--p 00008000 103:02 26090813                  /usr/lib/x86_64-linux-gnu/libXcursor.so.1.0.2
7f773c386000-7f773c387000 rw-p 00009000 103:02 26090813                  /usr/lib/x86_64-linux-gnu/libXcursor.so.1.0.2
7f773c387000-7f773c391000 r-xp 00000000 103:02 26090837                  /usr/lib/x86_64-linux-gnu/libXrandr.so.2.2.0
7f773c391000-7f773c590000 ---p 0000a000 103:02 26090837                  /usr/lib/x86_64-linux-gnu/libXrandr.so.2.2.0
7f773c590000-7f773c591000 r--p 00009000 103:02 26090837                  /usr/lib/x86_64-linux-gnu/libXrandr.so.2.2.0
7f773c591000-7f773c592000 rw-p 0000a000 103:02 26090837                  /usr/lib/x86_64-linux-gnu/libXrandr.so.2.2.0
7f773c592000-7f773c5a1000 r-xp 00000000 103:02 26090827                  /usr/lib/x86_64-linux-gnu/libXi.so.6.1.0
7f773c5a1000-7f773c7a0000 ---p 0000f000 103:02 26090827                  /usr/lib/x86_64-linux-gnu/libXi.so.6.1.0
7f773c7a0000-7f773c7a1000 r--p 0000e000 103:02 26090827                  /usr/lib/x86_64-linux-gnu/libXi.so.6.1.0
7f773c7a1000-7f773c7a2000 rw-p 0000f000 103:02 26090827                  /usr/lib/x86_64-linux-gnu/libXi.so.6.1.0
7f773c7a2000-7f773c7a4000 r-xp 00000000 103:02 26090829                  /usr/lib/x86_64-linux-gnu/libXinerama.so.1.0.0
7f773c7a4000-7f773c9a3000 ---p 00002000 103:02 26090829                  /usr/lib/x86_64-linux-gnu/libXinerama.so.1.0.0
7f773c9a3000-7f773c9a4000 r--p 00001000 103:02 26090829                  /usr/lib/x86_64-linux-gnu/libXinerama.so.1.0.0
7f773c9a4000-7f773c9a5000 rw-p 00002000 103:02 26090829                  /usr/lib/x86_64-linux-gnu/libXinerama.so.1.0.0
7f773c9a5000-7f773c9e3000 r-xp 00000000 103:02 26091168                  /usr/lib/x86_64-linux-gnu/libfontconfig.so.1.10.1
7f773c9e3000-7f773cbe3000 ---p 0003e000 103:02 26091168                  /usr/lib/x86_64-linux-gnu/libfontconfig.so.1.10.1
7f773cbe3000-7f773cbe5000 r--p 0003e000 103:02 26091168                  /usr/lib/x86_64-linux-gnu/libfontconfig.so.1.10.1
7f773cbe5000-7f773cbea000 rw-p 00040000 103:02 26091168                  /usr/lib/x86_64-linux-gnu/libfontconfig.so.1.10.1
7f773cbea000-7f773cc05000 r--p 00000000 103:02 26085711                  /usr/lib/x86_64-linux-gnu/libglib-2.0.so.0.5800.3
7f773cc05000-7f773cc84000 r-xp 0001b000 103:02 26085711                  /usr/lib/x86_64-linux-gnu/libglib-2.0.so.0.5800.3
7f773cc84000-7f773cd06000 r--p 0009a000 103:02 26085711                  /usr/lib/x86_64-linux-gnu/libglib-2.0.so.0.5800.3
7f773cd06000-7f773cd07000 ---p 0011c000 103:02 26085711                  /usr/lib/x86_64-linux-gnu/libglib-2.0.so.0.5800.3
7f773cd07000-7f773cd08000 r--p 0011c000 103:02 26085711                  /usr/lib/x86_64-linux-gnu/libglib-2.0.so.0.5800.3
7f773cd08000-7f773cd09000 rw-p 0011d000 103:02 26085711                  /usr/lib/x86_64-linux-gnu/libglib-2.0.so.0.5800.3
7f773cd09000-7f773cd0a000 rw-p 00000000 00:00 0 
7f773cd0a000-7f773cd15000 r--p 00000000 103:02 26085713                  /usr/lib/x86_64-linux-gnu/libgobject-2.0.so.0.5800.3
7f773cd15000-7f773cd47000 r-xp 0000b000 103:02 26085713                  /usr/lib/x86_64-linux-gnu/libgobject-2.0.so.0.5800.3
7f773cd47000-7f773cd5d000 r--p 0003d000 103:02 26085713                  /usr/lib/x86_64-linux-gnu/libgobject-2.0.so.0.5800.3
7f773cd5d000-7f773cd5e000 ---p 00053000 103:02 26085713                  /usr/lib/x86_64-linux-gnu/libgobject-2.0.so.0.5800.3
7f773cd5e000-7f773cd5f000 r--p 00053000 103:02 26085713                  /usr/lib/x86_64-linux-gnu/libgobject-2.0.so.0.5800.3
7f773cd5f000-7f773cd60000 rw-p 00054000 103:02 26085713                  /usr/lib/x86_64-linux-gnu/libgobject-2.0.so.0.5800.3
7f773cd60000-7f773cd97000 r--p 00000000 103:02 26085544                  /usr/lib/x86_64-linux-gnu/libgio-2.0.so.0.5800.3
7f773cd97000-7f773ce91000 r-xp 00037000 103:02 26085544                  /usr/lib/x86_64-linux-gnu/libgio-2.0.so.0.5800.3
7f773ce91000-7f773cf14000 r--p 00131000 103:02 26085544                  /usr/lib/x86_64-linux-gnu/libgio-2.0.so.0.5800.3
7f773cf14000-7f773cf15000 ---p 001b4000 103:02 26085544                  /usr/lib/x86_64-linux-gnu/libgio-2.0.so.0.5800.3
7f773cf15000-7f773cf1d000 r--p 001b4000 103:02 26085544                  /usr/lib/x86_64-linux-gnu/libgio-2.0.so.0.5800.3
7f773cf1d000-7f773cf1e000 rw-p 001bc000 103:02 26085544                  /usr/lib/x86_64-linux-gnu/libgio-2.0.so.0.5800.3
7f773cf1e000-7f773cf20000 rw-p 00000000 00:00 0 
7f773cf20000-7f773cf26000 r-xp 00000000 103:02 26090961                  /usr/lib/x86_64-linux-gnu/libcairo-gobject.so.2.11510.0
7f773cf26000-7f773d126000 ---p 00006000 103:02 26090961                  /usr/lib/x86_64-linux-gnu/libcairo-gobject.so.2.11510.0
7f773d126000-7f773d128000 r--p 00006000 103:02 26090961                  /usr/lib/x86_64-linux-gnu/libcairo-gobject.so.2.11510.0
7f773d128000-7f773d129000 rw-p 00008000 103:02 26090961                  /usr/lib/x86_64-linux-gnu/libcairo-gobject.so.2.11510.0
7f773d129000-7f773d14b000 r-xp 00000000 103:02 26091224                  /usr/lib/x86_64-linux-gnu/libgdk_pixbuf-2.0.so.0.3611.0
7f773d14b000-7f773d34b000 ---p 00022000 103:02 26091224                  /usr/lib/x86_64-linux-gnu/libgdk_pixbuf-2.0.so.0.3611.0
7f773d34b000-7f773d34c000 r--p 00022000 103:02 26091224                  /usr/lib/x86_64-linux-gnu/libgdk_pixbuf-2.0.so.0.3611.0
7f773d34c000-7f773d34d000 rw-p 00023000 103:02 26091224                  /usr/lib/x86_64-linux-gnu/libgdk_pixbuf-2.0.so.0.3611.0
7f773d34d000-7f773d397000 r-xp 00000000 103:02 26091638                  /usr/lib/x86_64-linux-gnu/libpango-1.0.so.0.4000.14
7f773d397000-7f773d596000 ---p 0004a000 103:02 26091638                  /usr/lib/x86_64-linux-gnu/libpango-1.0.so.0.4000.14
7f773d596000-7f773d599000 r--p 00049000 103:02 26091638                  /usr/lib/x86_64-linux-gnu/libpango-1.0.so.0.4000.14
7f773d599000-7f773d59a000 rw-p 0004c000 103:02 26091638                  /usr/lib/x86_64-linux-gnu/libpango-1.0.so.0.4000.14
7f773d59a000-7f773d5a6000 r-xp 00000000 103:02 26091640                  /usr/lib/x86_64-linux-gnu/libpangocairo-1.0.so.0.4000.14
7f773d5a6000-7f773d7a5000 ---p 0000c000 103:02 26091640                  /usr/lib/x86_64-linux-gnu/libpangocairo-1.0.so.0.4000.14
7f773d7a5000-7f773d7a6000 r--p 0000b000 103:02 26091640                  /usr/lib/x86_64-linux-gnu/libpangocairo-1.0.so.0.4000.14
7f773d7a6000-7f773d7a7000 rw-p 0000c000 103:02 26091640                  /usr/lib/x86_64-linux-gnu/libpangocairo-1.0.so.0.4000.14
7f773d7a7000-7f773d892000 r-xp 00000000 103:02 26091220                  /usr/lib/x86_64-linux-gnu/libgdk-3.so.0.2200.30
7f773d892000-7f773da92000 ---p 000eb000 103:02 26091220                  /usr/lib/x86_64-linux-gnu/libgdk-3.so.0.2200.30
7f773da92000-7f773da99000 r--p 000eb000 103:02 26091220                  /usr/lib/x86_64-linux-gnu/libgdk-3.so.0.2200.30
7f773da99000-7f773da9c000 rw-p 000f2000 103:02 26091220                  /usr/lib/x86_64-linux-gnu/libgdk-3.so.0.2200.30
7f773da9c000-7f773da9d000 rw-p 00000000 00:00 0 
7f773da9d000-7f773daad000 r-xp 00000000 103:02 104605779                 /tools/Xilinx/Vitis_HLS/2023.2/lnx64/tools/eclipse/plugins/org.eclipse.equinox.launcher.gtk.linux.x86_64_1.1.1100.v20190907-0426/eclipse_1801.so
7f773daad000-7f773dcac000 ---p 00010000 103:02 104605779                 /tools/Xilinx/Vitis_HLS/2023.2/lnx64/tools/eclipse/plugins/org.eclipse.equinox.launcher.gtk.linux.x86_64_1.1.1100.v20190907-0426/eclipse_1801.so
7f773dcac000-7f773dcad000 r--p 0000f000 103:02 104605779                 /tools/Xilinx/Vitis_HLS/2023.2/lnx64/tools/eclipse/plugins/org.eclipse.equinox.launcher.gtk.linux.x86_64_1.1.1100.v20190907-0426/eclipse_1801.so
7f773dcad000-7f773dcae000 rw-p 00010000 103:02 104605779                 /tools/Xilinx/Vitis_HLS/2023.2/lnx64/tools/eclipse/plugins/org.eclipse.equinox.launcher.gtk.linux.x86_64_1.1.1100.v20190907-0426/eclipse_1801.so
7f773dcae000-7f773dcb2000 ---p 00000000 00:00 0 
7f773dcb2000-7f773ddaf000 rw-p 00000000 00:00 0 
7f773ddaf000-7f773ddb3000 ---p 00000000 00:00 0 
7f773ddb3000-7f773e0b0000 rw-p 00000000 00:00 0 
7f773e0b0000-7f773e0c5000 r-xp 00000000 103:02 105121910                 /tools/Xilinx/Vitis_HLS/2023.2/tps/lnx64/jre11.0.16_1/lib/libnet.so
7f773e0c5000-7f773e2c4000 ---p 00015000 103:02 105121910                 /tools/Xilinx/Vitis_HLS/2023.2/tps/lnx64/jre11.0.16_1/lib/libnet.so
7f773e2c4000-7f773e2c5000 r--p 00014000 103:02 105121910                 /tools/Xilinx/Vitis_HLS/2023.2/tps/lnx64/jre11.0.16_1/lib/libnet.so
7f773e2c5000-7f773e2c6000 rw-p 00015000 103:02 105121910                 /tools/Xilinx/Vitis_HLS/2023.2/tps/lnx64/jre11.0.16_1/lib/libnet.so
7f773e2c6000-7f773e2d6000 r-xp 00000000 103:02 105121911                 /tools/Xilinx/Vitis_HLS/2023.2/tps/lnx64/jre11.0.16_1/lib/libnio.so
7f773e2d6000-7f773e4d5000 ---p 00010000 103:02 105121911                 /tools/Xilinx/Vitis_HLS/2023.2/tps/lnx64/jre11.0.16_1/lib/libnio.so
7f773e4d5000-7f773e4d6000 r--p 0000f000 103:02 105121911                 /tools/Xilinx/Vitis_HLS/2023.2/tps/lnx64/jre11.0.16_1/lib/libnio.so
7f773e4d6000-7f773e4d7000 rw-p 00010000 103:02 105121911                 /tools/Xilinx/Vitis_HLS/2023.2/tps/lnx64/jre11.0.16_1/lib/libnio.so
7f773e4d7000-7f773e4d8000 ---p 00000000 00:00 0 
7f773e4d8000-7f773e5d9000 rw-p 00000000 00:00 0 
7f773e5d9000-7f773e5da000 r--s 00000000 103:02 63441916                  /var/cache/fontconfig/16c2fda60d1b4b719f4b3d06fd951d25-le64.cache-7
7f773e5da000-7f773e5e6000 r--s 00000000 103:02 63453287                  /var/cache/fontconfig/d589a48862398ed80a3d6066f4f56f4c-le64.cache-7
7f773e5e6000-7f773e5e9000 r--p 00000000 103:02 56885271                  /lib/x86_64-linux-gnu/liblzma.so.5.2.4
7f773e5e9000-7f773e601000 r-xp 00003000 103:02 56885271                  /lib/x86_64-linux-gnu/liblzma.so.5.2.4
7f773e601000-7f773e60c000 r--p 0001b000 103:02 56885271                  /lib/x86_64-linux-gnu/liblzma.so.5.2.4
7f773e60c000-7f773e60d000 r--p 00025000 103:02 56885271                  /lib/x86_64-linux-gnu/liblzma.so.5.2.4
7f773e60d000-7f773e60e000 rw-p 00026000 103:02 56885271                  /lib/x86_64-linux-gnu/liblzma.so.5.2.4
7f773e60e000-7f773e612000 ---p 00000000 00:00 0 
7f773e612000-7f773e70f000 rw-p 00000000 00:00 0 
7f773e70f000-7f773e713000 ---p 00000000 00:00 0 
7f773e713000-7f773e810000 rw-p 00000000 00:00 0 
7f773e810000-7f773e814000 ---p 00000000 00:00 0 
7f773e814000-7f773e911000 rw-p 00000000 00:00 0 
7f773e911000-7f773e915000 ---p 00000000 00:00 0 
7f773e915000-7f773ea12000 rw-p 00000000 00:00 0 
7f773ea12000-7f773ea16000 ---p 00000000 00:00 0 
7f773ea16000-7f773eb13000 rw-p 00000000 00:00 0 
7f773eb13000-7f773eb17000 ---p 00000000 00:00 0 
7f773eb17000-7f773ec14000 rw-p 00000000 00:00 0 
7f773ec14000-7f773ec18000 ---p 00000000 00:00 0 
7f773ec18000-7f773ed15000 rw-p 00000000 00:00 0 
7f773ed15000-7f773ed19000 ---p 00000000 00:00 0 
7f773ed19000-7f773ee16000 rw-p 00000000 00:00 0 
7f773ee16000-7f773f3fa000 r--p 00000000 103:02 26083762                  /usr/lib/locale/locale-archive
7f773f3fa000-7f773f3fe000 ---p 00000000 00:00 0 
7f773f3fe000-7f773f4fb000 rw-p 00000000 00:00 0 
7f773f4fb000-7f773f4ff000 ---p 00000000 00:00 0 
7f773f4ff000-7f773f5fc000 rw-p 00000000 00:00 0 
7f773f5fc000-7f773f5fd000 ---p 00000000 00:00 0 
7f773f5fd000-7f773fefe000 rw-p 00000000 00:00 0 
7f773fefe000-7f773feff000 ---p 00000000 00:00 0 
7f773feff000-7f7740000000 rw-p 00000000 00:00 0 
7f7740000000-7f7740021000 rw-p 00000000 00:00 0 
7f7740021000-7f7744000000 ---p 00000000 00:00 0 
7f7744000000-7f7744021000 rw-p 00000000 00:00 0 
7f7744021000-7f7748000000 ---p 00000000 00:00 0 
7f7748000000-7f7748021000 rw-p 00000000 00:00 0 
7f7748021000-7f774c000000 ---p 00000000 00:00 0 
7f774c000000-7f774c001000 r--s 00000000 103:02 63441914                  /var/cache/fontconfig/a48eab177a16e4f3713381162db2f3e9-le64.cache-7
7f774c001000-7f774c002000 r--s 00000000 103:02 63441913                  /var/cache/fontconfig/564b2e68ac9bc4e36a6f7f6d6125ec1c-le64.cache-7
7f774c002000-7f774c003000 r--s 00000000 103:02 63449826                  /var/cache/fontconfig/da43223dd54fb3bb4243ae19d4b583b2-le64.cache-7
7f774c003000-7f774c004000 r--s 00000000 103:02 63441872                  /var/cache/fontconfig/56cf4f4769d0f4abc89a4895d7bd3ae1-le64.cache-7
7f774c004000-7f774c005000 r--s 00000000 103:02 63441870                  /var/cache/fontconfig/b9d506c9ac06c20b433354fa67a72993-le64.cache-7
7f774c005000-7f774c006000 r--s 00000000 103:02 63441816                  /var/cache/fontconfig/370e5b74bf5dafc30834de68e24a87a4-le64.cache-7
7f774c006000-7f774c007000 r--s 00000000 103:02 63441815                  /var/cache/fontconfig/6b2c5944714ca7831b25bed9e85cb5c8-le64.cache-7
7f774c007000-7f774c008000 r--s 00000000 103:02 63441813                  /var/cache/fontconfig/d5178ab6d91b49bf20a416737dcea9e8-le64.cache-7
7f774c008000-7f774c009000 r--s 00000000 103:02 63441811                  /var/cache/fontconfig/551ecf3b0e8b0bca0f25c0944f561853-le64.cache-7
7f774c009000-7f774c00c000 r--p 00000000 103:02 26085655                  /usr/lib/x86_64-linux-gnu/libelf-0.176.so
7f774c00c000-7f774c01e000 r-xp 00003000 103:02 26085655                  /usr/lib/x86_64-linux-gnu/libelf-0.176.so
7f774c01e000-7f774c022000 r--p 00015000 103:02 26085655                  /usr/lib/x86_64-linux-gnu/libelf-0.176.so
7f774c022000-7f774c023000 ---p 00019000 103:02 26085655                  /usr/lib/x86_64-linux-gnu/libelf-0.176.so
7f774c023000-7f774c024000 r--p 00019000 103:02 26085655                  /usr/lib/x86_64-linux-gnu/libelf-0.176.so
7f774c024000-7f774c025000 rw-p 0001a000 103:02 26085655                  /usr/lib/x86_64-linux-gnu/libelf-0.176.so
7f774c025000-7f774c028000 r--s 00000000 103:02 63441810                  /var/cache/fontconfig/f259c2cffa685e28062317905db73c4a-le64.cache-7
7f774c028000-7f774c02a000 r--s 00000000 103:02 63441809                  /var/cache/fontconfig/550f3886151c940c12a5ed35f6a00586-le64.cache-7
7f774c02a000-7f774c02d000 r--s 00000000 103:02 63441806                  /var/cache/fontconfig/674d1711f2d1d2a09646eb0bdcadee49-le64.cache-7
7f774c02d000-7f774c02e000 r--s 00000000 103:02 63441805                  /var/cache/fontconfig/3f7329c5293ffd510edef78f73874cfd-le64.cache-7
7f774c02e000-7f774c03b000 r--s 00000000 103:02 63441630                  /var/cache/fontconfig/089dead882dea3570ffc31a9898cfb69-le64.cache-7
7f774c03b000-7f774c03c000 r--s 00000000 103:02 63441488                  /var/cache/fontconfig/0c9eb80ebd1c36541ebe2852d3bb0c49-le64.cache-7
7f774c03c000-7f774c05e000 r--s 00000000 103:02 26609602                  /usr/share/mime/mime.cache
7f774c05e000-7f774c0df000 rw-p 00000000 00:00 0 
7f774c0df000-7f774c0e0000 ---p 00000000 00:00 0 
7f774c0e0000-7f774f3f3000 rw-p 00000000 00:00 0 
7f774f3f3000-7f774f3f4000 ---p 00000000 00:00 0 
7f774f3f4000-7f774f4f5000 rw-p 00000000 00:00 0 
7f774f4f5000-7f774f4f6000 ---p 00000000 00:00 0 
7f774f4f6000-7f7750000000 rw-p 00000000 00:00 0 
7f7750000000-7f7753800000 ---p 00000000 00:00 0 
7f7753800000-7f7754000000 rw-p 00000000 00:00 0 
7f7754000000-7f7757800000 ---p 00000000 00:00 0 
7f7757800000-7f7757900000 rw-p 00000000 00:00 0 
7f7757900000-7f7758000000 ---p 00000000 00:00 0 
7f7758000000-7f7758021000 rw-p 00000000 00:00 0 
7f7758021000-7f775c000000 ---p 00000000 00:00 0 
7f775c000000-7f775c001000 r--s 00000000 103:02 63441487                  /var/cache/fontconfig/22368d551a680bfe5a62c02760edf4ea-le64.cache-7
7f775c001000-7f775c002000 r--s 00000000 103:02 63441485                  /var/cache/fontconfig/4d9c95eba1cb85bbcf2878543262124a-le64.cache-7
7f775c002000-7f775c003000 r--s 00000000 103:02 63441483                  /var/cache/fontconfig/85e0a52ce643a7ba2ae53e5d6949cead-le64.cache-7
7f775c003000-7f775c004000 r--s 00000000 103:02 63441482                  /var/cache/fontconfig/49f0de54bdd920fe4f0dfd4cbac43e6b-le64.cache-7
7f775c004000-7f775c00a000 r--s 00000000 103:02 63441473                  /var/cache/fontconfig/9a6107847d8adc3e7c851dc9764a1280-le64.cache-7
7f775c00a000-7f775c011000 r--s 00000000 103:02 26352182                  /usr/lib/x86_64-linux-gnu/gconv/gconv-modules.cache
7f775c011000-7f775c111000 rw-p 00000000 00:00 0 
7f775c111000-7f775c811000 ---p 00000000 00:00 0 
7f775c811000-7f775cb01000 rwxp 00000000 00:00 0 
7f775cb01000-7f775cf50000 ---p 00000000 00:00 0 
7f775cf50000-7f775d960000 rwxp 00000000 00:00 0 
7f775d960000-7f77643b0000 ---p 00000000 00:00 0 
7f77643b0000-7f7764660000 rwxp 00000000 00:00 0 
7f7764660000-7f776b811000 ---p 00000000 00:00 0 
7f776b811000-7f7774000000 r--s 00000000 103:02 105121818                 /tools/Xilinx/Vitis_HLS/2023.2/tps/lnx64/jre11.0.16_1/lib/modules
7f7774000000-7f7774ee2000 rw-p 00000000 00:00 0 
7f7774ee2000-7f7778000000 ---p 00000000 00:00 0 
7f7778000000-7f7778001000 r--s 00000000 103:02 63441479                  /var/cache/fontconfig/f6e6e0a5c3d2f6ae0c0c2e0ecd42a997-le64.cache-7
7f7778001000-7f7778002000 r--s 00000000 103:02 63441478                  /var/cache/fontconfig/4b2eda6bb976bda485cb2176619421d5-le64.cache-7
7f7778002000-7f7778004000 r--s 00000000 103:02 63439139                  /var/cache/fontconfig/6afa1bb216ce958c1589e297e8008489-le64.cache-7
7f7778004000-7f7778006000 r--p 00000000 103:02 26085584                  /usr/lib/x86_64-linux-gnu/liblz4.so.1.8.3
7f7778006000-7f777801e000 r-xp 00002000 103:02 26085584                  /usr/lib/x86_64-linux-gnu/liblz4.so.1.8.3
7f777801e000-7f7778021000 r--p 0001a000 103:02 26085584                  /usr/lib/x86_64-linux-gnu/liblz4.so.1.8.3
7f7778021000-7f7778022000 r--p 0001c000 103:02 26085584                  /usr/lib/x86_64-linux-gnu/liblz4.so.1.8.3
7f7778022000-7f7778023000 rw-p 0001d000 103:02 26085584                  /usr/lib/x86_64-linux-gnu/liblz4.so.1.8.3
7f7778023000-7f7778025000 r--p 00000000 103:02 56885948                  /lib/x86_64-linux-gnu/libuuid.so.1.3.0
7f7778025000-7f7778029000 r-xp 00002000 103:02 56885948                  /lib/x86_64-linux-gnu/libuuid.so.1.3.0
7f7778029000-7f777802a000 r--p 00006000 103:02 56885948                  /lib/x86_64-linux-gnu/libuuid.so.1.3.0
7f777802a000-7f777802b000 r--p 00006000 103:02 56885948                  /lib/x86_64-linux-gnu/libuuid.so.1.3.0
7f777802b000-7f777802c000 rw-p 00007000 103:02 56885948                  /lib/x86_64-linux-gnu/libuuid.so.1.3.0
7f777802c000-7f7778187000 rw-p 00000000 00:00 0 
7f7778187000-7f7778887000 ---p 00000000 00:00 0 
7f7778887000-7f7779a99000 rw-p 00000000 00:00 0 
7f7779a99000-7f7779a9a000 ---p 00000000 00:00 0 
7f7779a9a000-7f7779ba1000 rw-p 00000000 00:00 0 
7f7779ba1000-7f7779c84000 ---p 00000000 00:00 0 
7f7779c84000-7f7779c99000 rw-p 00000000 00:00 0 
7f7779c99000-7f7779d6d000 ---p 00000000 00:00 0 
7f7779d6d000-7f7779d74000 r-xp 00000000 103:02 104146763                 /tools/Xilinx/Vitis_HLS/2023.2/tps/lnx64/jre11.0.16_1/lib/libzip.so
7f7779d74000-7f7779f74000 ---p 00007000 103:02 104146763                 /tools/Xilinx/Vitis_HLS/2023.2/tps/lnx64/jre11.0.16_1/lib/libzip.so
7f7779f74000-7f7779f75000 r--p 00007000 103:02 104146763                 /tools/Xilinx/Vitis_HLS/2023.2/tps/lnx64/jre11.0.16_1/lib/libzip.so
7f7779f75000-7f7779f76000 rw-p 00008000 103:02 104146763                 /tools/Xilinx/Vitis_HLS/2023.2/tps/lnx64/jre11.0.16_1/lib/libzip.so
7f7779f76000-7f7779f79000 r--p 00000000 103:02 56885550                  /lib/x86_64-linux-gnu/libnss_files-2.28.so
7f7779f79000-7f7779f80000 r-xp 00003000 103:02 56885550                  /lib/x86_64-linux-gnu/libnss_files-2.28.so
7f7779f80000-7f7779f82000 r--p 0000a000 103:02 56885550                  /lib/x86_64-linux-gnu/libnss_files-2.28.so
7f7779f82000-7f7779f83000 ---p 0000c000 103:02 56885550                  /lib/x86_64-linux-gnu/libnss_files-2.28.so
7f7779f83000-7f7779f84000 r--p 0000c000 103:02 56885550                  /lib/x86_64-linux-gnu/libnss_files-2.28.so
7f7779f84000-7f7779f85000 rw-p 0000d000 103:02 56885550                  /lib/x86_64-linux-gnu/libnss_files-2.28.so
7f7779f85000-7f7779f8b000 rw-p 00000000 00:00 0 
7f7779f8b000-7f7779f8e000 r--s 00000000 103:02 63439163                  /var/cache/fontconfig/e13b20fdb08344e0e664864cc2ede53d-le64.cache-7
7f7779f8e000-7f7779f8f000 r--p 00000000 103:02 26087118                  /usr/lib/x86_64-linux-gnu/libX11-xcb.so.1.0.0
7f7779f8f000-7f7779f90000 r-xp 00001000 103:02 26087118                  /usr/lib/x86_64-linux-gnu/libX11-xcb.so.1.0.0
7f7779f90000-7f7779f91000 r--p 00002000 103:02 26087118                  /usr/lib/x86_64-linux-gnu/libX11-xcb.so.1.0.0
7f7779f91000-7f7779f92000 r--p 00002000 103:02 26087118                  /usr/lib/x86_64-linux-gnu/libX11-xcb.so.1.0.0
7f7779f92000-7f7779f93000 rw-p 00003000 103:02 26087118                  /usr/lib/x86_64-linux-gnu/libX11-xcb.so.1.0.0
7f7779f93000-7f7779f97000 r--p 00000000 103:02 56885556                  /lib/x86_64-linux-gnu/libresolv-2.28.so
7f7779f97000-7f7779fa4000 r-xp 00004000 103:02 56885556                  /lib/x86_64-linux-gnu/libresolv-2.28.so
7f7779fa4000-7f7779fa8000 r--p 00011000 103:02 56885556                  /lib/x86_64-linux-gnu/libresolv-2.28.so
7f7779fa8000-7f7779fa9000 ---p 00015000 103:02 56885556                  /lib/x86_64-linux-gnu/libresolv-2.28.so
7f7779fa9000-7f7779faa000 r--p 00015000 103:02 56885556                  /lib/x86_64-linux-gnu/libresolv-2.28.so
7f7779faa000-7f7779fab000 rw-p 00016000 103:02 56885556                  /lib/x86_64-linux-gnu/libresolv-2.28.so
7f7779fab000-7f7779fb3000 rw-p 00000000 00:00 0 
7f7779fb3000-7f7779fbc000 ---p 00000000 00:00 0 
7f7779fbc000-7f7779fc4000 rw-s 00000000 103:02 29360138                  /tmp/hsperfdata_zjnyly/14993
7f7779fc4000-7f7779fdf000 r-xp 00000000 103:02 104146746                 /tools/Xilinx/Vitis_HLS/2023.2/tps/lnx64/jre11.0.16_1/lib/libjimage.so
7f7779fdf000-7f777a1de000 ---p 0001b000 103:02 104146746                 /tools/Xilinx/Vitis_HLS/2023.2/tps/lnx64/jre11.0.16_1/lib/libjimage.so
7f777a1de000-7f777a1e0000 r--p 0001a000 103:02 104146746                 /tools/Xilinx/Vitis_HLS/2023.2/tps/lnx64/jre11.0.16_1/lib/libjimage.so
7f777a1e0000-7f777a1e1000 rw-p 0001c000 103:02 104146746                 /tools/Xilinx/Vitis_HLS/2023.2/tps/lnx64/jre11.0.16_1/lib/libjimage.so
7f777a1e1000-7f777a209000 r-xp 00000000 103:02 105121876                 /tools/Xilinx/Vitis_HLS/2023.2/tps/lnx64/jre11.0.16_1/lib/libjava.so
7f777a209000-7f777a409000 ---p 00028000 103:02 105121876                 /tools/Xilinx/Vitis_HLS/2023.2/tps/lnx64/jre11.0.16_1/lib/libjava.so
7f777a409000-7f777a40a000 r--p 00028000 103:02 105121876                 /tools/Xilinx/Vitis_HLS/2023.2/tps/lnx64/jre11.0.16_1/lib/libjava.so
7f777a40a000-7f777a40b000 rw-p 00029000 103:02 105121876                 /tools/Xilinx/Vitis_HLS/2023.2/tps/lnx64/jre11.0.16_1/lib/libjava.so
7f777a40b000-7f777a40c000 rw-p 00000000 00:00 0 
7f777a40c000-7f777a419000 r-xp 00000000 103:02 105121926                 /tools/Xilinx/Vitis_HLS/2023.2/tps/lnx64/jre11.0.16_1/lib/libverify.so
7f777a419000-7f777a618000 ---p 0000d000 103:02 105121926                 /tools/Xilinx/Vitis_HLS/2023.2/tps/lnx64/jre11.0.16_1/lib/libverify.so
7f777a618000-7f777a61a000 r--p 0000c000 103:02 105121926                 /tools/Xilinx/Vitis_HLS/2023.2/tps/lnx64/jre11.0.16_1/lib/libverify.so
7f777a61a000-7f777a61b000 rw-p 0000e000 103:02 105121926                 /tools/Xilinx/Vitis_HLS/2023.2/tps/lnx64/jre11.0.16_1/lib/libverify.so
7f777a61b000-7f777a61d000 r--p 00000000 103:02 56885557                  /lib/x86_64-linux-gnu/librt-2.28.so
7f777a61d000-7f777a621000 r-xp 00002000 103:02 56885557                  /lib/x86_64-linux-gnu/librt-2.28.so
7f777a621000-7f777a623000 r--p 00006000 103:02 56885557                  /lib/x86_64-linux-gnu/librt-2.28.so
7f777a623000-7f777a624000 r--p 00007000 103:02 56885557                  /lib/x86_64-linux-gnu/librt-2.28.so
7f777a624000-7f777a625000 rw-p 00008000 103:02 56885557                  /lib/x86_64-linux-gnu/librt-2.28.so
7f777a625000-7f777a629000 ---p 00000000 00:00 0 
7f777a629000-7f777a726000 rw-p 00000000 00:00 0 
7f777a726000-7f777a733000 r--p 00000000 103:02 56885544                  /lib/x86_64-linux-gnu/libm-2.28.so
7f777a733000-7f777a7d2000 r-xp 0000d000 103:02 56885544                  /lib/x86_64-linux-gnu/libm-2.28.so
7f777a7d2000-7f777a8a7000 r--p 000ac000 103:02 56885544                  /lib/x86_64-linux-gnu/libm-2.28.so
7f777a8a7000-7f777a8a8000 r--p 00180000 103:02 56885544                  /lib/x86_64-linux-gnu/libm-2.28.so
7f777a8a8000-7f777a8a9000 rw-p 00181000 103:02 56885544                  /lib/x86_64-linux-gnu/libm-2.28.so
7f777a8a9000-7f777bb1f000 r-xp 00000000 103:02 104088023                 /tools/Xilinx/Vitis_HLS/2023.2/tps/lnx64/jre11.0.16_1/lib/server/libjvm.so
7f777bb1f000-7f777bd1f000 ---p 01276000 103:02 104088023                 /tools/Xilinx/Vitis_HLS/2023.2/tps/lnx64/jre11.0.16_1/lib/server/libjvm.so
7f777bd1f000-7f777bde4000 r--p 01276000 103:02 104088023                 /tools/Xilinx/Vitis_HLS/2023.2/tps/lnx64/jre11.0.16_1/lib/server/libjvm.so
7f777bde4000-7f777be1f000 rw-p 0133b000 103:02 104088023                 /tools/Xilinx/Vitis_HLS/2023.2/tps/lnx64/jre11.0.16_1/lib/server/libjvm.so
7f777be1f000-7f777be79000 rw-p 00000000 00:00 0 
7f777be79000-7f777be9b000 r--p 00000000 103:02 56885541                  /lib/x86_64-linux-gnu/libc-2.28.so
7f777be9b000-7f777bfe2000 r-xp 00022000 103:02 56885541                  /lib/x86_64-linux-gnu/libc-2.28.so
7f777bfe2000-7f777c02e000 r--p 00169000 103:02 56885541                  /lib/x86_64-linux-gnu/libc-2.28.so
7f777c02e000-7f777c02f000 ---p 001b5000 103:02 56885541                  /lib/x86_64-linux-gnu/libc-2.28.so
7f777c02f000-7f777c033000 r--p 001b5000 103:02 56885541                  /lib/x86_64-linux-gnu/libc-2.28.so
7f777c033000-7f777c035000 rw-p 001b9000 103:02 56885541                  /lib/x86_64-linux-gnu/libc-2.28.so
7f777c035000-7f777c039000 rw-p 00000000 00:00 0 
7f777c039000-7f777c03a000 r--p 00000000 103:02 56885543                  /lib/x86_64-linux-gnu/libdl-2.28.so
7f777c03a000-7f777c03b000 r-xp 00001000 103:02 56885543                  /lib/x86_64-linux-gnu/libdl-2.28.so
7f777c03b000-7f777c03c000 r--p 00002000 103:02 56885543                  /lib/x86_64-linux-gnu/libdl-2.28.so
7f777c03c000-7f777c03d000 r--p 00002000 103:02 56885543                  /lib/x86_64-linux-gnu/libdl-2.28.so
7f777c03d000-7f777c03e000 rw-p 00003000 103:02 56885543                  /lib/x86_64-linux-gnu/libdl-2.28.so
7f777c03e000-7f777c040000 rw-p 00000000 00:00 0 
7f777c040000-7f777c050000 r-xp 00000000 103:02 105121888                 /tools/Xilinx/Vitis_HLS/2023.2/tps/lnx64/jre11.0.16_1/lib/jli/libjli.so
7f777c050000-7f777c24f000 ---p 00010000 103:02 105121888                 /tools/Xilinx/Vitis_HLS/2023.2/tps/lnx64/jre11.0.16_1/lib/jli/libjli.so
7f777c24f000-7f777c250000 r--p 0000f000 103:02 105121888                 /tools/Xilinx/Vitis_HLS/2023.2/tps/lnx64/jre11.0.16_1/lib/jli/libjli.so
7f777c250000-7f777c251000 rw-p 00010000 103:02 105121888                 /tools/Xilinx/Vitis_HLS/2023.2/tps/lnx64/jre11.0.16_1/lib/jli/libjli.so
7f777c251000-7f777c257000 r--p 00000000 103:02 56885555                  /lib/x86_64-linux-gnu/libpthread-2.28.so
7f777c257000-7f777c266000 r-xp 00006000 103:02 56885555                  /lib/x86_64-linux-gnu/libpthread-2.28.so
7f777c266000-7f777c26c000 r--p 00015000 103:02 56885555                  /lib/x86_64-linux-gnu/libpthread-2.28.so
7f777c26c000-7f777c26d000 r--p 0001a000 103:02 56885555                  /lib/x86_64-linux-gnu/libpthread-2.28.so
7f777c26d000-7f777c26e000 rw-p 0001b000 103:02 56885555                  /lib/x86_64-linux-gnu/libpthread-2.28.so
7f777c26e000-7f777c272000 rw-p 00000000 00:00 0 
7f777c272000-7f777c275000 r--p 00000000 103:02 56885946                  /lib/x86_64-linux-gnu/libz.so.1.2.11
7f777c275000-7f777c287000 r-xp 00003000 103:02 56885946                  /lib/x86_64-linux-gnu/libz.so.1.2.11
7f777c287000-7f777c28d000 r--p 00015000 103:02 56885946                  /lib/x86_64-linux-gnu/libz.so.1.2.11
7f777c28d000-7f777c28e000 ---p 0001b000 103:02 56885946                  /lib/x86_64-linux-gnu/libz.so.1.2.11
7f777c28e000-7f777c28f000 r--p 0001b000 103:02 56885946                  /lib/x86_64-linux-gnu/libz.so.1.2.11
7f777c28f000-7f777c290000 rw-p 0001c000 103:02 56885946                  /lib/x86_64-linux-gnu/libz.so.1.2.11
7f777c290000-7f777c291000 r--p 00000000 103:02 26085712                  /usr/lib/x86_64-linux-gnu/libgmodule-2.0.so.0.5800.3
7f777c291000-7f777c293000 r-xp 00001000 103:02 26085712                  /usr/lib/x86_64-linux-gnu/libgmodule-2.0.so.0.5800.3
7f777c293000-7f777c294000 r--p 00003000 103:02 26085712                  /usr/lib/x86_64-linux-gnu/libgmodule-2.0.so.0.5800.3
7f777c294000-7f777c295000 r--p 00003000 103:02 26085712                  /usr/lib/x86_64-linux-gnu/libgmodule-2.0.so.0.5800.3
7f777c295000-7f777c296000 rw-p 00004000 103:02 26085712                  /usr/lib/x86_64-linux-gnu/libgmodule-2.0.so.0.5800.3
7f777c296000-7f777c29a000 r--p 00000000 103:02 56885547                  /lib/x86_64-linux-gnu/libnsl-2.28.so
7f777c29a000-7f777c2a6000 r-xp 00004000 103:02 56885547                  /lib/x86_64-linux-gnu/libnsl-2.28.so
7f777c2a6000-7f777c2ab000 r--p 00010000 103:02 56885547                  /lib/x86_64-linux-gnu/libnsl-2.28.so
7f777c2ab000-7f777c2ac000 r--p 00014000 103:02 56885547                  /lib/x86_64-linux-gnu/libnsl-2.28.so
7f777c2ac000-7f777c2ad000 rw-p 00015000 103:02 56885547                  /lib/x86_64-linux-gnu/libnsl-2.28.so
7f777c2ad000-7f777c2af000 rw-p 00000000 00:00 0 
7f777c2af000-7f777c2b1000 r--p 00000000 103:02 56885552                  /lib/x86_64-linux-gnu/libnss_nis-2.28.so
7f777c2b1000-7f777c2b8000 r-xp 00002000 103:02 56885552                  /lib/x86_64-linux-gnu/libnss_nis-2.28.so
7f777c2b8000-7f777c2ba000 r--p 00009000 103:02 56885552                  /lib/x86_64-linux-gnu/libnss_nis-2.28.so
7f777c2ba000-7f777c2bb000 r--p 0000a000 103:02 56885552                  /lib/x86_64-linux-gnu/libnss_nis-2.28.so
7f777c2bb000-7f777c2bc000 rw-p 0000b000 103:02 56885552                  /lib/x86_64-linux-gnu/libnss_nis-2.28.so
7f777c2bc000-7f777c2be000 r--p 00000000 103:02 56885548                  /lib/x86_64-linux-gnu/libnss_compat-2.28.so
7f777c2be000-7f777c2c3000 r-xp 00002000 103:02 56885548                  /lib/x86_64-linux-gnu/libnss_compat-2.28.so
7f777c2c3000-7f777c2c5000 r--p 00007000 103:02 56885548                  /lib/x86_64-linux-gnu/libnss_compat-2.28.so
7f777c2c5000-7f777c2c6000 r--p 00008000 103:02 56885548                  /lib/x86_64-linux-gnu/libnss_compat-2.28.so
7f777c2c6000-7f777c2c7000 rw-p 00009000 103:02 56885548                  /lib/x86_64-linux-gnu/libnss_compat-2.28.so
7f777c2c7000-7f777c2c8000 ---p 00000000 00:00 0 
7f777c2c8000-7f777c2c9000 r--p 00000000 00:00 0 
7f777c2c9000-7f777c2cb000 rw-p 00000000 00:00 0 
7f777c2cb000-7f777c2cc000 r--p 00000000 103:02 56885537                  /lib/x86_64-linux-gnu/ld-2.28.so
7f777c2cc000-7f777c2ea000 r-xp 00001000 103:02 56885537                  /lib/x86_64-linux-gnu/ld-2.28.so
7f777c2ea000-7f777c2f2000 r--p 0001f000 103:02 56885537                  /lib/x86_64-linux-gnu/ld-2.28.so
7f777c2f2000-7f777c2f3000 r--p 00026000 103:02 56885537                  /lib/x86_64-linux-gnu/ld-2.28.so
7f777c2f3000-7f777c2f4000 rw-p 00027000 103:02 56885537                  /lib/x86_64-linux-gnu/ld-2.28.so
7f777c2f4000-7f777c2f5000 rw-p 00000000 00:00 0 
7ffc44058000-7ffc4407a000 rw-p 00000000 00:00 0                          [stack]
7ffc441c5000-7ffc441c8000 r--p 00000000 00:00 0                          [vvar]
7ffc441c8000-7ffc441ca000 r-xp 00000000 00:00 0                          [vdso]
ffffffffff600000-ffffffffff601000 --xp 00000000 00:00 0                  [vsyscall]


VM Arguments:
jvm_args: -Xms512m -Xmx4096m -XX:+HeapDumpOnOutOfMemoryError --add-modules=ALL-SYSTEM 
java_command: /tools/Xilinx/Vitis_HLS/2023.2/lnx64/tools/eclipse/plugins/org.eclipse.equinox.launcher_1.5.700.v20200207-2156.jar -showlocation -vm /tools/Xilinx/Vitis_HLS/2023.2/tps/lnx64/jre11.0.16_1/bin/java -clean -configuration /home/zjnyly/.Xilinx/vitis_hls/2023.2/workspace2 -data /home/zjnyly/.Xilinx/vitis_hls/2023.2/workspace2 -perspective com.autoesl.autopilot.ui.platform.perspective -application com.autoesl.autopilot.ui.platform.application -showsplash /tools/Xilinx/Vitis_HLS/2023.2/common/icons/splash_dark.bmp
java_class_path (initial): /tools/Xilinx/Vitis_HLS/2023.2/lnx64/tools/eclipse/plugins/org.eclipse.equinox.launcher_1.5.700.v20200207-2156.jar
Launcher Type: SUN_STANDARD

[Global flags]
     intx CICompilerCount                          = 12                                        {product} {ergonomic}
     uint ConcGCThreads                            = 5                                         {product} {ergonomic}
     uint G1ConcRefinementThreads                  = 18                                        {product} {ergonomic}
   size_t G1HeapRegionSize                         = 1048576                                   {product} {ergonomic}
    uintx GCDrainStackTargetSize                   = 64                                        {product} {ergonomic}
     bool HeapDumpOnOutOfMemoryError               = true                                   {manageable} {command line}
   size_t InitialHeapSize                          = 536870912                                 {product} {command line}
   size_t MarkStackSize                            = 4194304                                   {product} {ergonomic}
   size_t MaxHeapSize                              = 4294967296                                {product} {command line}
   size_t MaxNewSize                               = 2576351232                                {product} {ergonomic}
   size_t MinHeapDeltaBytes                        = 1048576                                   {product} {ergonomic}
    uintx NonNMethodCodeHeapSize                   = 7594288                                {pd product} {ergonomic}
    uintx NonProfiledCodeHeapSize                  = 122031976                              {pd product} {ergonomic}
    uintx ProfiledCodeHeapSize                     = 122031976                              {pd product} {ergonomic}
    uintx ReservedCodeCacheSize                    = 251658240                              {pd product} {ergonomic}
     bool SegmentedCodeCache                       = true                                      {product} {ergonomic}
     bool UseCompressedClassPointers               = true                                 {lp64_product} {ergonomic}
     bool UseCompressedOops                        = true                                 {lp64_product} {ergonomic}
     bool UseG1GC                                  = true                                      {product} {ergonomic}

Logging:
Log output configuration:
 #0: stdout all=warning uptime,level,tags
 #1: stderr all=off uptime,level,tags

Environment Variables:
PATH=/tools/Xilinx/Vivado/2023.2/tps/lnx64/binutils-2.37/bin:/tools/Xilinx/Vitis_HLS/2023.2/tps/lnx64/gcc-8.3.0/bin:/tools/Xilinx/Vitis_HLS/2023.2/bin:/tools/Xilinx/Vitis_HLS/2023.2/lnx64/bin:/tools/Xilinx/Vitis_HLS/2023.2/lnx64/tools/bin:/tools/Xilinx/Vitis_HLS/2023.2/tps/lnx64/gdb-9.2/bin:/tools/Xilinx/Vitis_HLS/2023.2/tps/lnx64/jre11.0.16_1/bin:/tools/Xilinx/Vivado/2023.2/gnu/microblaze/lin/bin:/tools/Xilinx/Vitis_HLS/2023.2/bin:/tools/Xilinx/Vitis_HLS/2023.2/tps/lnx64/jre11.0.16_1/bin:/tools/Xilinx/Vitis/2023.2/bin:/usr/local/cuda-11.7/bin:/home/zjnyly/cmake/bin:/opt/xilinx/xrt/bin:/tools/Xilinx/Model_Composer/2023.2/bin:/tools/Xilinx/Vitis/2023.2/gnu/microblaze/lin/bin:/tools/Xilinx/Vitis/2023.2/gnu/microblaze/linux_toolchain/lin64_le/bin:/tools/Xilinx/Vitis/2023.2/gnu/aarch32/lin/gcc-arm-linux-gnueabi/bin:/tools/Xilinx/Vitis/2023.2/gnu/aarch32/lin/gcc-arm-none-eabi/bin:/tools/Xilinx/Vitis/2023.2/gnu/aarch64/lin/aarch64-linux/bin:/tools/Xilinx/Vitis/2023.2/gnu/aarch64/lin/aarch64-none/bin:/tools/Xilinx/Vitis/2023.2/gnu/armr5/lin/gcc-arm-none-eabi/bin:/tools/Xilinx/Vitis/2023.2/tps/lnx64/cmake-3.3.2/bin:/tools/Xilinx/Vitis/2023.2/aietools/bin:/tools/Xilinx/Vitis/2023.2/gnu/riscv/lin/riscv64-unknown-elf/bin:/tools/Xilinx/Vivado/2023.2/bin:/tools/Xilinx/DocNav:/home/zjnyly/miniconda3/condabin:/usr/local/sbin:/usr/local/bin:/usr/sbin:/usr/bin:/sbin:/bin:/usr/games:/usr/local/games:/snap/bin
LD_LIBRARY_PATH=/tools/Xilinx/Vitis_HLS/2023.2/tps/lnx64/dot-2.28/lib:/tools/Xilinx/Vitis_HLS/2023.2/lnx64/bin:/tools/Xilinx/Vitis_HLS/2023.2/lib/lnx64.o/Ubuntu/18:/tools/Xilinx/Vitis_HLS/2023.2/lib/lnx64.o/Ubuntu:/tools/Xilinx/Vitis_HLS/2023.2/lib/lnx64.o:/tools/Xilinx/Vitis_HLS/2023.2/tps/lnx64/jre11.0.16_1/lib/:/tools/Xilinx/Vitis_HLS/2023.2/tps/lnx64/jre11.0.16_1/lib//server:/usr/local/cuda-11.7/lib64:/opt/xilinx/xrt/lib:/tools/Xilinx/Vitis_HLS/2023.2/bin/../lnx64/tools/dot/lib:/tools/Xilinx/Vitis_HLS/2023.2/lnx64/tools/fpo_v7_0:/tools/Xilinx/Vitis_HLS/2023.2/lnx64/tools/fft_v9_1:/tools/Xilinx/Vitis_HLS/2023.2/lnx64/tools/fir_v7_0:/tools/Xilinx/Vitis_HLS/2023.2/lnx64/tools/dds_v6_0:/tools/Xilinx/Vitis_HLS/2023.2/lnx64/lib/csim
SHELL=/bin/bash
DISPLAY=localhost:10.0
LANG=en_US.UTF-8
LC_ALL=en_US.UTF-8

Signal Handlers:
SIGSEGV: [libjvm.so+0xf48ea0], sa_mask[0]=11111111011111111101111111111110, sa_flags=SA_RESTART|SA_SIGINFO
SIGBUS: [libjvm.so+0xf48ea0], sa_mask[0]=11111111011111111101111111111110, sa_flags=SA_RESTART|SA_SIGINFO
SIGFPE: [libjvm.so+0xf48ea0], sa_mask[0]=11111111011111111101111111111110, sa_flags=SA_RESTART|SA_SIGINFO
SIGPIPE: SIG_IGN, sa_mask[0]=00000000000010000000000000000000, sa_flags=SA_RESTART
SIGXFSZ: [libjvm.so+0xc6ad60], sa_mask[0]=11111111011111111101111111111110, sa_flags=SA_RESTART|SA_SIGINFO
SIGILL: [libjvm.so+0xf48ea0], sa_mask[0]=11111111011111111101111111111110, sa_flags=SA_RESTART|SA_SIGINFO
SIGUSR2: [libjvm.so+0xc6ac00], sa_mask[0]=00000000000000000000000000000000, sa_flags=SA_RESTART|SA_SIGINFO
SIGHUP: [libjvm.so+0xc6b230], sa_mask[0]=11111111011111111101111111111110, sa_flags=SA_RESTART|SA_SIGINFO
SIGINT: [libjvm.so+0xc6b230], sa_mask[0]=11111111011111111101111111111110, sa_flags=SA_RESTART|SA_SIGINFO
SIGTERM: [libjvm.so+0xc6b230], sa_mask[0]=11111111011111111101111111111110, sa_flags=SA_RESTART|SA_SIGINFO
SIGQUIT: [libjvm.so+0xc6b230], sa_mask[0]=11111111011111111101111111111110, sa_flags=SA_RESTART|SA_SIGINFO


---------------  S Y S T E M  ---------------

OS:DISTRIB_ID=Ubuntu
DISTRIB_RELEASE=18.04
DISTRIB_CODENAME=bionic
DISTRIB_DESCRIPTION="Ubuntu 18.04.6 LTS"
uname:Linux 5.4.0-150-generic #167~18.04.1-Ubuntu SMP Wed May 24 00:51:42 UTC 2023 x86_64
OS uptime: 1 days 0:28 hours
libc:glibc 2.28 NPTL 2.28 
rlimit (soft/hard): STACK 8192k/infinity , CORE 0k/infinity , NPROC 514295/514295 , NOFILE 1048576/1048576 , AS infinity/infinity , CPU infinity/infinity , DATA infinity/infinity , FSIZE infinity/infinity , MEMLOCK 65536k/65536k
load average:0.01 0.03 0.03

/proc/meminfo:
MemTotal:       131709196 kB
MemFree:        118703896 kB
MemAvailable:   127026912 kB
Buffers:         2966704 kB
Cached:          4703840 kB
SwapCached:            0 kB
Active:          6909652 kB
Inactive:        3543028 kB
Active(anon):    2784544 kB
Inactive(anon):     3736 kB
Active(file):    4125108 kB
Inactive(file):  3539292 kB
Unevictable:           0 kB
Mlocked:               0 kB
SwapTotal:       2097148 kB
SwapFree:        2097148 kB
Dirty:              2460 kB
Writeback:             0 kB
AnonPages:       2783172 kB
Mapped:           550508 kB
Shmem:              5556 kB
KReclaimable:    1856068 kB
Slab:            2234988 kB
SReclaimable:    1856068 kB
SUnreclaim:       378920 kB
KernelStack:       17760 kB
PageTables:        37756 kB
NFS_Unstable:          0 kB
Bounce:                0 kB
WritebackTmp:          0 kB
CommitLimit:    67951744 kB
Committed_AS:    5629232 kB
VmallocTotal:   34359738367 kB
VmallocUsed:      112520 kB
VmallocChunk:          0 kB
Percpu:            28128 kB
HardwareCorrupted:     0 kB
AnonHugePages:         0 kB
ShmemHugePages:        0 kB
ShmemPmdMapped:        0 kB
FileHugePages:         0 kB
FilePmdMapped:         0 kB
CmaTotal:              0 kB
CmaFree:               0 kB
HugePages_Total:       0
HugePages_Free:        0
HugePages_Rsvd:        0
HugePages_Surp:        0
Hugepagesize:       2048 kB
Hugetlb:               0 kB
DirectMap4k:      706816 kB
DirectMap2M:    12711936 kB
DirectMap1G:    121634816 kB

/sys/kernel/mm/transparent_hugepage/enabled:
always [madvise] never
/sys/kernel/mm/transparent_hugepage/defrag (defrag/compaction efforts parameter):
always defer defer+madvise [madvise] never

Process Memory:
Virtual Size: 14195932K (peak: 14195932K)
Resident Set Size: 578048K (peak: 578048K) (anon: 452608K, file: 125440K, shmem: 0K)
Swapped out: 0K
C-Heap outstanding allocations: 148048K, retained: 56531K
glibc malloc tunables: (default)

/proc/sys/kernel/threads-max (system-wide limit on the number of threads):
1028591
/proc/sys/vm/max_map_count (maximum number of memory map areas a process may have):
65530
/proc/sys/kernel/pid_max (system-wide limit on number of process identifiers):
32768

container (cgroup) information:
container_type: cgroupv1
cpu_cpuset_cpus: 0-23
cpu_memory_nodes: 0
active_processor_count: 24
cpu_quota: no quota
cpu_period: 100000
cpu_shares: no shares
memory_limit_in_bytes: unlimited
memory_and_swap_limit_in_bytes: not supported
memory_soft_limit_in_bytes: unlimited
memory_usage_in_bytes: 1231675392
memory_max_usage_in_bytes: 1231675392

Steal ticks since vm start: 0
Steal ticks percentage since vm start:  0.000

CPU:total 24 (initial active 24) (24 cores per cpu, 1 threads per core) family 6 model 151 stepping 2 microcode 0x2c, cmov, cx8, fxsr, mmx, sse, sse2, sse3, ssse3, sse4.1, sse4.2, popcnt, avx, avx2, aes, clmul, erms, 3dnowpref, lzcnt, tsc, tscinvbit, bmi1, bmi2, adx, sha, fma
CPU Model and flags from /proc/cpuinfo:
model name	: 12th Gen Intel(R) Core(TM) i9-12900K
flags		: fpu vme de pse tsc msr pae mce cx8 apic sep mtrr pge mca cmov pat pse36 clflush dts acpi mmx fxsr sse sse2 ss ht tm pbe syscall nx pdpe1gb rdtscp lm constant_tsc art arch_perfmon pebs bts rep_good nopl xtopology nonstop_tsc cpuid aperfmperf tsc_known_freq pni pclmulqdq dtes64 monitor ds_cpl vmx smx est tm2 ssse3 sdbg fma cx16 xtpr pdcm pcid sse4_1 sse4_2 x2apic movbe popcnt tsc_deadline_timer aes xsave avx f16c rdrand lahf_lm abm 3dnowprefetch cpuid_fault cat_l2 invpcid_single cdp_l2 ssbd ibrs ibpb stibp ibrs_enhanced tpr_shadow vnmi flexpriority ept vpid ept_ad fsgsbase tsc_adjust bmi1 avx2 smep bmi2 erms invpcid rdt_a rdseed adx smap clflushopt clwb intel_pt sha_ni xsaveopt xsavec xgetbv1 xsaves dtherm ida arat pln pts hwp hwp_notify hwp_act_window hwp_epp hwp_pkg_req umip pku ospke waitpkg gfni vaes vpclmulqdq tme rdpid movdiri movdir64b md_clear pconfig flush_l1d arch_capabilities
Online cpus:
0-23
Offline cpus:

BIOS frequency limitation:
<Not Available>
Frequency switch latency (ns):
0
Available cpu frequencies:
<Not Available>
Current governor:
performance
Core performance/turbo boost:
<Not Available>

Memory: 4k page, physical 131709196k(118703896k free), swap 2097148k(2097148k free)

vm_info: OpenJDK 64-Bit Server VM (11.0.16.1+1) for linux-amd64 JRE (11.0.16.1+1), built on Aug 16 2022 07:24:27 by "" with gcc 7.5.0

END.
